,c,h,l,o,oi,time,v
0,707.55,740.0,701.7,735.0,0,2013-04-22,35367877
1,703.65,710.75,699.0,710.15,0,2013-04-23,3613280
2,694.55,704.55,686.1,704.55,0,2013-04-25,2680742
3,696.75,702.0,689.0,693.9,0,2013-04-26,1416485
4,698.65,702.5,694.1,694.1,0,2013-04-29,951473
5,700.0,701.2,695.55,698.35,0,2013-04-30,555002
6,689.9,703.0,686.0,700.0,0,2013-05-02,1077409
7,687.7,694.0,685.0,691.1,0,2013-05-03,439314
8,689.7,695.05,680.0,688.95,0,2013-05-06,1344510
9,670.1,689.45,669.0,686.0,0,2013-05-07,971834
10,673.05,674.0,669.0,670.5,0,2013-05-08,664335
11,668.4,672.85,664.15,671.0,0,2013-05-09,415712
12,675.1,678.25,666.1,666.1,0,2013-05-10,93358
13,665.8,673.8,665.0,670.0,0,2013-05-11,292330
14,665.85,671.45,663.0,663.8,0,2013-05-13,350373
15,669.9,673.45,658.1,667.0,0,2013-05-14,583868
16,666.85,669.9,660.5,669.9,0,2013-05-15,242175
17,662.2,666.05,659.0,663.2,0,2013-05-16,396395
18,655.0,665.0,649.9,665.0,0,2013-05-17,1164020
19,662.1,669.0,655.8,655.8,0,2013-05-20,1402840
20,647.05,664.85,642.25,664.0,0,2013-05-21,859011
21,642.75,653.6,641.2,647.05,0,2013-05-22,574130
22,642.25,653.5,641.1,643.05,0,2013-05-23,672547
23,656.75,659.9,642.65,642.65,0,2013-05-24,483071
24,642.35,659.0,639.55,659.0,0,2013-05-27,763293
25,631.6,649.0,629.0,649.0,0,2013-05-28,843603
26,657.95,670.4,633.0,633.0,0,2013-05-29,356798
27,676.55,679.2,655.1,655.1,0,2013-05-30,784443
28,665.0,680.8,663.0,665.0,0,2013-05-31,192279
29,660.0,667.75,654.0,655.2,0,2013-06-03,350594
30,649.35,660.05,644.4,650.1,0,2013-06-04,269314
31,649.9,659.2,642.8,648.6,0,2013-06-05,261879
32,659.55,663.7,645.1,653.0,0,2013-06-06,3200674
33,661.45,665.0,656.5,657.3,0,2013-06-07,712433
34,687.45,696.4,660.0,660.0,0,2013-06-10,2077453
35,693.15,698.95,681.15,689.0,0,2013-06-11,669175
36,666.3,689.0,664.0,689.0,0,2013-06-12,827451
37,655.7,670.45,655.0,668.0,0,2013-06-13,599114
38,653.7,662.7,651.85,655.55,0,2013-06-14,239417
39,653.45,666.95,652.0,653.0,0,2013-06-17,269211
40,656.2,658.4,650.8,654.05,0,2013-06-18,258606
41,654.9,665.95,653.85,665.95,0,2013-06-19,316178
42,655.9,658.0,652.25,658.0,0,2013-06-20,86648
43,661.75,665.8,653.05,660.0,0,2013-06-21,162592
44,659.1,662.15,653.55,660.0,0,2013-06-24,125688
45,656.1,660.0,654.05,654.05,0,2013-06-25,210799
46,668.4,670.0,651.0,655.1,0,2013-06-26,279051
47,685.7,689.9,664.05,664.05,0,2013-06-27,480717
48,674.75,682.75,671.05,680.0,0,2013-06-28,122163
49,676.05,682.0,671.0,671.05,0,2013-07-01,121938
50,675.35,682.0,657.0,671.05,0,2013-07-02,260250
51,679.9,683.0,673.3,675.1,0,2013-07-03,444539
52,689.0,691.0,678.0,680.5,0,2013-07-04,351667
53,692.15,694.0,665.0,681.45,0,2013-07-05,259324
54,697.3,699.9,688.1,688.1,0,2013-07-08,343970
55,697.15,703.75,692.15,692.15,0,2013-07-09,531872
56,701.8,704.4,693.3,693.3,0,2013-07-10,259491
57,702.85,703.9,694.0,694.0,0,2013-07-11,390144
58,701.7,707.8,697.2,702.75,0,2013-07-12,272983
59,700.45,702.0,695.1,700.0,0,2013-07-15,163978
60,698.9,703.0,690.55,697.0,0,2013-07-16,269410
61,695.35,705.4,693.0,695.45,0,2013-07-17,667407
62,699.5,703.0,694.0,694.0,0,2013-07-18,174646
63,685.1,700.15,680.1,699.5,0,2013-07-19,342012
64,690.5,695.0,680.25,685.05,0,2013-07-22,125483
65,701.6,702.2,690.0,694.6,0,2013-07-23,411800
66,701.95,704.9,699.0,700.0,0,2013-07-24,195946
67,704.15,706.9,692.0,692.0,0,2013-07-25,310252
68,717.25,719.95,700.15,700.15,0,2013-07-26,605429
69,711.6,715.0,706.1,714.85,0,2013-07-29,297500
70,703.8,714.7,699.0,707.0,0,2013-07-30,113144
71,701.75,709.0,700.0,703.8,0,2013-07-31,93456
72,716.75,724.6,701.5,701.5,0,2013-08-01,764541
73,700.85,716.0,696.0,716.0,0,2013-08-02,338329
74,705.25,714.8,691.65,696.0,0,2013-08-05,232397
75,707.8,712.0,700.1,706.6,0,2013-08-06,323715
76,711.5,713.95,701.45,705.05,0,2013-08-07,293534
77,714.65,717.0,701.85,704.1,0,2013-08-08,464739
78,716.9,722.0,710.0,710.0,0,2013-08-12,399677
79,702.6,714.3,698.0,711.2,0,2013-08-13,200051
80,682.05,707.0,661.15,702.5,0,2013-08-14,424803
81,681.85,689.45,680.0,682.0,0,2013-08-16,143914
82,667.9,681.7,663.3,681.7,0,2013-08-19,339031
83,660.65,681.5,653.75,670.0,0,2013-08-20,324432
84,708.7,722.0,660.5,665.0,0,2013-08-21,1539000
85,718.3,733.25,691.1,708.4,0,2013-08-22,1772440
86,695.05,716.45,690.0,716.45,0,2013-08-23,352909
87,695.25,705.0,665.0,670.0,0,2013-08-26,399206
88,713.7,715.0,700.05,700.05,0,2013-08-27,315230
89,715.0,720.0,711.05,717.1,0,2013-08-28,159852
90,709.9,717.65,699.0,700.0,0,2013-08-29,159318
91,685.8,718.0,681.5,709.0,0,2013-08-30,689547
92,682.25,695.0,679.5,689.0,0,2013-09-02,312807
93,682.4,695.0,673.2,685.0,0,2013-09-03,282049
94,689.25,694.55,685.65,688.0,0,2013-09-04,226925
95,685.25,705.0,678.6,700.0,0,2013-09-05,423633
96,674.65,690.0,670.0,687.0,0,2013-09-06,172882
97,675.5,682.95,662.45,680.0,0,2013-09-10,428939
98,666.2,675.4,664.0,675.0,0,2013-09-11,235890
99,675.7,679.75,666.15,670.0,0,2013-09-12,288608
100,682.2,689.75,674.25,680.0,0,2013-09-13,271771
101,689.45,690.8,676.0,681.5,0,2013-09-16,219932
102,694.5,698.7,682.1,689.4,0,2013-09-17,360647
103,690.0,696.0,686.0,695.9,0,2013-09-18,272512
104,672.55,689.0,666.0,689.0,0,2013-09-19,301455
105,655.05,682.1,651.0,678.0,0,2013-09-20,245988
106,652.6,659.95,650.05,657.0,0,2013-09-23,192215
107,653.3,659.45,647.0,653.6,0,2013-09-24,113706
108,670.3,674.4,650.55,657.5,0,2013-09-25,483527
109,678.55,689.9,668.8,670.2,0,2013-09-26,163349
110,677.5,685.0,672.0,677.0,0,2013-09-27,73256
111,674.15,683.5,667.5,673.0,0,2013-09-30,305570
112,675.0,676.75,671.05,672.5,0,2013-10-01,140732
113,668.45,677.35,666.0,675.0,0,2013-10-03,150189
114,674.1,681.8,666.45,666.45,0,2013-10-04,138766
115,686.6,688.5,668.4,669.0,0,2013-10-07,167488
116,672.9,691.0,670.55,686.1,0,2013-10-08,395902
117,664.9,679.0,662.05,675.0,0,2013-10-09,147381
118,664.5,673.9,658.0,660.05,0,2013-10-10,225060
119,663.1,669.45,659.0,660.15,0,2013-10-11,186540
120,672.95,680.8,666.05,667.0,0,2013-10-14,369173
121,678.25,711.0,664.0,668.95,0,2013-10-15,446572
122,683.9,695.0,681.0,681.0,0,2013-10-17,263227
123,680.0,686.0,675.0,686.0,0,2013-10-18,783770
124,679.95,690.95,677.1,681.05,0,2013-10-21,520436
125,675.0,687.65,674.15,680.5,0,2013-10-22,514819
126,679.65,685.0,674.0,679.65,0,2013-10-23,667025
127,678.7,685.0,675.0,675.55,0,2013-10-24,886583
128,695.7,699.95,678.0,678.0,0,2013-10-25,955511
129,719.0,720.0,691.0,691.0,0,2013-10-28,715637
130,719.05,724.7,712.0,713.55,0,2013-10-29,665026
131,711.65,720.0,706.35,714.0,0,2013-10-30,681889
132,708.9,712.5,702.0,702.0,0,2013-10-31,389870
133,721.4,723.0,708.2,710.0,0,2013-11-01,307669
134,721.35,724.5,713.05,715.9,0,2013-11-03,241773
135,722.9,724.95,713.9,716.05,0,2013-11-05,228583
136,716.15,721.95,710.1,718.0,0,2013-11-06,114992
137,716.95,725.0,712.1,712.1,0,2013-11-07,523622
138,746.0,755.0,714.95,717.0,0,2013-11-08,1182526
139,766.1,768.8,746.05,749.9,0,2013-11-11,1763048
140,762.8,771.05,742.65,767.0,0,2013-11-12,1352072
141,758.85,774.6,745.0,750.0,0,2013-11-13,700854
142,743.1,762.85,732.0,756.0,0,2013-11-14,448784
143,746.55,757.65,736.5,736.5,0,2013-11-18,514382
144,732.0,752.05,716.25,746.55,0,2013-11-19,259083
145,702.1,728.95,700.1,725.0,0,2013-11-20,405214
146,703.6,714.6,696.3,704.0,0,2013-11-21,291749
147,702.45,708.9,692.25,708.9,0,2013-11-22,256284
148,699.95,709.0,691.0,704.9,0,2013-11-25,1771037
149,713.75,719.0,693.0,702.9,0,2013-11-26,589720
150,698.3,715.9,696.05,711.05,0,2013-11-27,402458
151,691.15,704.55,688.0,702.0,0,2013-11-28,226655
152,678.9,699.0,672.2,690.0,0,2013-11-29,579274
153,667.65,683.0,665.05,674.0,0,2013-12-02,632333
154,669.7,679.7,665.5,670.1,0,2013-12-03,203078
155,665.2,673.7,663.05,669.0,0,2013-12-04,224549
156,655.2,706.7,647.0,663.0,0,2013-12-05,297261
157,659.95,670.0,655.9,656.0,0,2013-12-06,403662
158,679.05,684.0,659.3,664.8,0,2013-12-09,355517
159,678.3,686.85,671.6,673.65,0,2013-12-10,75038
160,683.85,688.0,673.05,675.0,0,2013-12-11,91418
161,685.35,698.35,679.9,681.75,0,2013-12-12,824327
162,695.3,702.5,680.0,680.4,0,2013-12-13,1042346
163,694.3,698.8,685.1,694.5,0,2013-12-16,209019
164,689.8,698.25,670.55,690.35,0,2013-12-17,205322
165,676.0,692.65,673.65,688.9,0,2013-12-18,250207
166,660.05,680.0,658.5,676.2,0,2013-12-19,635824
167,665.0,672.8,660.0,660.05,0,2013-12-20,189718
168,683.1,686.4,662.0,669.0,0,2013-12-23,174179
169,692.0,697.0,681.1,689.95,0,2013-12-24,339268
170,692.35,696.9,681.55,685.5,0,2013-12-26,231427
171,712.5,714.0,688.2,688.5,0,2013-12-27,872476
172,719.9,729.9,708.2,708.2,0,2013-12-30,678290
173,702.25,729.9,700.0,715.7,0,2013-12-31,584484
174,689.9,701.95,686.0,701.95,0,2014-01-01,463811
175,671.8,689.1,668.1,685.35,0,2014-01-02,4172714
176,671.85,684.05,670.0,676.7,0,2014-01-03,159457
177,673.45,680.0,667.0,667.0,0,2014-01-06,382091
178,676.2,686.0,673.45,673.45,0,2014-01-07,294569
179,675.45,685.75,675.0,676.2,0,2014-01-08,192773
180,685.2,692.5,678.8,678.8,0,2014-01-09,159149
181,689.75,698.9,677.7,686.0,0,2014-01-10,173207
182,684.7,694.35,678.4,689.75,0,2014-01-13,141038
183,677.75,688.85,674.5,681.55,0,2014-01-14,216975
184,666.4,681.1,658.05,681.1,0,2014-01-15,255422
185,674.35,685.0,666.0,666.0,0,2014-01-16,162407
186,669.4,683.85,660.85,675.3,0,2014-01-17,125314
187,670.25,674.4,665.65,670.5,0,2014-01-20,84524
188,664.05,672.0,661.4,668.0,0,2014-01-21,133985
189,665.1,670.5,663.0,670.0,0,2014-01-22,134614
190,668.05,670.0,664.25,669.8,0,2014-01-23,166887
191,664.85,670.0,660.75,665.0,0,2014-01-24,134065
192,661.35,669.7,660.0,669.7,0,2014-01-27,330679
193,662.1,664.05,659.95,659.95,0,2014-01-28,294280
194,664.7,667.35,661.4,664.25,0,2014-01-29,138269
195,661.05,665.0,659.0,662.0,0,2014-01-30,98347
196,656.2,661.55,655.0,661.1,0,2014-01-31,55711
197,664.55,666.0,654.5,655.2,0,2014-02-03,56942
198,649.2,668.0,640.0,667.0,0,2014-02-04,273188
199,633.75,656.95,631.0,650.0,0,2014-02-05,190097
200,633.05,638.0,628.0,632.0,0,2014-02-06,295830
201,652.75,657.2,630.0,633.5,0,2014-02-07,128365
202,654.65,658.15,647.4,652.5,0,2014-02-10,98615
203,659.75,664.8,651.1,655.7,0,2014-02-11,309730
204,673.2,682.0,658.25,663.0,0,2014-02-12,349706
205,694.05,697.7,672.65,684.8,0,2014-02-13,378854
206,689.35,703.55,684.5,694.05,0,2014-02-14,111734
207,686.0,711.7,682.55,683.2,0,2014-02-17,300404
208,695.35,708.25,686.95,691.1,0,2014-02-18,141857
209,695.2,705.0,685.55,691.2,0,2014-02-19,156616
210,689.8,704.0,686.0,704.0,0,2014-02-20,86846
211,686.6,697.4,680.1,691.0,0,2014-02-21,137689
212,686.1,695.8,683.0,695.8,0,2014-02-24,186264
213,677.2,689.05,673.75,686.1,0,2014-02-25,86449
214,673.4,684.4,669.0,684.4,0,2014-02-26,136388
215,649.9,675.95,644.0,675.0,0,2014-02-28,357324
216,653.7,661.55,651.0,653.0,0,2014-03-03,227848
217,658.85,662.0,653.75,655.0,0,2014-03-04,40999
218,648.55,663.35,646.15,661.0,0,2014-03-05,310896
219,654.95,658.7,652.05,653.75,0,2014-03-06,151040
220,672.55,674.0,660.05,661.0,0,2014-03-07,171665
221,670.1,684.0,663.6,672.6,0,2014-03-10,118889
222,670.05,675.1,667.05,675.1,0,2014-03-11,77770
223,660.85,673.6,660.1,666.6,0,2014-03-12,136148
224,660.4,670.0,657.0,665.0,0,2014-03-13,105281
225,658.25,663.4,654.0,660.0,0,2014-03-14,164292
226,669.3,673.5,658.25,660.0,0,2014-03-18,215118
227,664.2,674.8,650.55,672.85,0,2014-03-19,325212
228,672.4,678.0,659.2,664.15,0,2014-03-20,121399
229,666.95,675.0,665.0,668.6,0,2014-03-21,88542
230,664.85,675.0,663.05,671.4,0,2014-03-22,82766
231,669.4,672.45,660.05,660.05,0,2014-03-24,169872
232,679.05,681.9,666.45,669.4,0,2014-03-25,139910
233,676.1,685.0,671.1,680.5,0,2014-03-26,1353205
234,676.0,686.85,671.2,671.2,0,2014-03-27,125634
235,676.6,682.0,671.4,674.05,0,2014-03-28,391766
236,673.3,675.85,663.0,673.4,0,2014-03-31,232965
237,670.05,678.0,666.3,671.25,0,2014-04-01,717060
238,642.65,668.6,633.0,664.65,0,2014-04-02,1979234
239,623.0,642.0,619.9,642.0,0,2014-04-03,350633
240,612.45,635.0,610.0,623.35,0,2014-04-04,208275
241,613.35,629.7,589.5,616.0,0,2014-04-07,1139496
242,586.9,610.0,582.0,610.0,0,2014-04-09,287803
243,566.05,582.0,555.0,575.0,0,2014-04-10,367015
244,577.25,590.0,571.35,574.95,0,2014-04-11,141456
245,551.8,581.55,546.0,581.55,0,2014-04-15,615329
246,511.6,560.0,508.0,560.0,0,2014-04-16,527415
247,521.35,533.0,485.0,512.0,0,2014-04-17,568704
248,542.05,554.5,521.35,525.0,0,2014-04-21,1232831
249,565.4,584.0,535.0,542.3,0,2014-04-22,1801469
250,558.3,580.7,540.05,567.6,0,2014-04-23,874787
251,549.45,566.5,533.1,565.0,0,2014-04-25,237685
252,540.3,564.4,540.05,553.85,0,2014-04-28,205413
253,561.05,595.0,535.95,540.0,0,2014-04-29,152186
254,540.85,560.0,532.0,560.0,0,2014-04-30,223216
255,552.5,554.8,540.5,550.0,0,2014-05-02,213930
256,538.7,556.0,535.0,556.0,0,2014-05-05,266017
257,546.6,549.55,538.7,542.2,0,2014-05-06,505786
258,559.95,567.0,549.0,551.0,0,2014-05-07,379784
259,564.15,581.85,555.25,558.0,0,2014-05-08,1287121
260,557.85,578.0,553.05,574.0,0,2014-05-09,1008814
261,579.45,586.05,545.1,547.2,0,2014-05-12,719595
262,563.75,599.8,558.25,586.0,0,2014-05-13,226896
263,563.4,569.0,556.85,563.55,0,2014-05-14,112717
264,570.4,578.0,552.0,563.05,0,2014-05-15,587007
265,578.9,585.0,566.05,568.05,0,2014-05-16,398793
266,558.9,580.0,556.15,580.0,0,2014-05-19,158937
267,560.4,567.0,547.05,558.5,0,2014-05-20,96124
268,563.8,569.0,557.5,558.0,0,2014-05-21,109226
269,563.3,571.95,560.25,561.2,0,2014-05-22,151367
270,577.9,580.0,558.0,558.0,0,2014-05-23,140781
271,579.65,590.9,573.6,573.6,0,2014-05-26,259120
272,577.75,589.0,575.75,589.0,0,2014-05-27,34093
273,574.85,588.8,571.1,580.0,0,2014-05-28,531454
274,575.05,582.75,570.45,572.0,0,2014-05-29,359942
275,572.15,575.65,560.85,571.3,0,2014-05-30,110885
276,583.0,585.0,572.05,576.0,0,2014-06-02,431328
277,579.05,584.0,576.55,584.0,0,2014-06-03,156975
278,577.3,581.9,567.0,581.9,0,2014-06-04,64388
279,568.75,583.9,566.1,583.9,0,2014-06-05,438124
280,565.55,572.0,562.0,572.0,0,2014-06-06,282576
281,560.2,570.25,558.1,566.05,0,2014-06-09,215124
282,572.7,579.5,560.0,560.0,0,2014-06-10,588100
283,568.2,574.95,560.1,566.35,0,2014-06-11,53829
284,570.5,574.0,563.25,567.0,0,2014-06-12,52652
285,568.95,584.0,566.0,568.0,0,2014-06-13,120739
286,571.65,574.5,565.0,572.5,0,2014-06-16,150064
287,571.4,577.7,569.1,571.65,0,2014-06-17,40722
288,569.35,572.0,562.0,565.2,0,2014-06-18,63727
289,569.85,578.0,565.15,569.0,0,2014-06-19,288155
290,572.8,575.0,565.0,565.0,0,2014-06-20,85850
291,567.8,578.0,563.0,573.0,0,2014-06-23,76272
292,562.55,571.9,559.35,568.0,0,2014-06-24,103784
293,562.45,570.0,555.0,558.0,0,2014-06-25,114905
294,562.65,565.95,556.15,556.15,0,2014-06-26,104981
295,570.25,572.0,562.8,567.75,0,2014-06-27,72595
296,571.0,575.0,562.25,574.95,0,2014-06-30,151320
297,567.0,574.8,550.5,571.0,0,2014-07-01,98357
298,589.8,594.0,567.0,567.0,0,2014-07-02,230206
299,587.6,607.15,576.35,598.0,0,2014-07-03,413782
300,583.05,590.95,577.65,590.95,0,2014-07-04,155299
301,592.45,596.0,575.65,580.6,0,2014-07-07,134271
302,597.5,605.55,577.3,593.15,0,2014-07-08,2025095
303,579.45,589.6,576.55,584.9,0,2014-07-09,144403
304,574.85,584.0,570.15,576.0,0,2014-07-10,81515
305,590.6,605.0,540.35,544.0,0,2014-07-11,926443
306,598.8,605.0,587.25,600.0,0,2014-07-14,519520
307,597.85,605.8,595.0,595.0,0,2014-07-15,169943
308,598.85,601.8,592.2,595.25,0,2014-07-16,40902
309,601.7,604.0,593.4,593.4,0,2014-07-17,115282
310,600.05,603.0,590.0,598.4,0,2014-07-18,415471
311,602.85,615.0,600.0,603.0,0,2014-07-21,119061
312,602.45,608.85,597.7,602.85,0,2014-07-22,316222
313,612.5,626.9,600.0,600.0,0,2014-07-23,214725
314,642.95,649.75,615.0,615.0,0,2014-07-24,304725
315,634.75,648.4,631.0,642.1,0,2014-07-25,165683
316,638.5,643.0,630.0,635.0,0,2014-07-28,171998
317,620.1,636.65,618.25,633.0,0,2014-07-30,366016
318,623.9,631.15,620.0,624.0,0,2014-07-31,68669
319,621.4,630.3,618.0,622.5,0,2014-08-01,440003
320,623.35,633.55,618.0,621.5,0,2014-08-04,377003
321,620.2,629.5,615.0,627.0,0,2014-08-05,107504
322,617.65,644.7,612.5,625.0,0,2014-08-06,427431
323,619.9,629.8,611.7,620.0,0,2014-08-07,95583
324,620.0,628.9,612.2,623.0,0,2014-08-08,159259
325,618.25,629.4,615.1,620.0,0,2014-08-11,129335
326,619.6,633.0,615.65,627.45,0,2014-08-12,222746
327,599.25,624.45,595.25,621.0,0,2014-08-13,285382
328,606.1,617.95,595.7,600.1,0,2014-08-14,302014
329,599.95,616.4,596.0,607.0,0,2014-08-18,260752
330,595.0,607.75,593.7,600.5,0,2014-08-19,780410
331,590.95,604.0,588.1,600.0,0,2014-08-20,546770
332,589.75,599.0,571.1,594.0,0,2014-08-21,146249
333,584.0,594.0,582.0,589.75,0,2014-08-22,53619
334,579.4,590.0,575.0,585.0,0,2014-08-25,690808
335,577.25,584.4,575.05,580.0,0,2014-08-26,570245
336,577.55,583.95,575.0,577.25,0,2014-08-27,130409
337,566.85,579.1,561.05,576.0,0,2014-08-28,339881
338,574.7,585.65,562.1,569.85,0,2014-09-01,288095
339,569.85,579.95,564.0,574.0,0,2014-09-02,310406
340,568.55,574.5,564.9,569.9,0,2014-09-03,24238
341,568.85,575.8,562.0,568.55,0,2014-09-04,72417
342,567.45,572.1,563.3,569.5,0,2014-09-05,33962
343,562.45,573.65,560.9,573.65,0,2014-09-08,91484
344,561.6,571.1,556.0,564.6,0,2014-09-09,1156061
345,561.9,565.7,560.0,562.0,0,2014-09-10,97421
346,559.85,570.0,556.75,565.25,0,2014-09-11,207746
347,561.0,564.85,555.35,563.0,0,2014-09-12,256241
348,559.4,564.0,555.0,561.0,0,2014-09-15,205333
349,563.3,565.95,561.1,563.0,0,2014-09-16,91914
350,578.55,582.0,565.0,565.0,0,2014-09-17,232357
351,607.9,622.1,515.55,581.95,0,2014-09-18,11513018
352,607.75,617.0,596.1,599.0,0,2014-09-19,967319
353,607.95,621.8,602.0,608.0,0,2014-09-22,594253
354,592.1,612.4,590.0,610.0,0,2014-09-23,326651
355,587.15,596.4,585.4,587.0,0,2014-09-24,195823
356,622.45,626.4,587.4,589.75,0,2014-09-25,693313
357,622.9,634.9,612.0,623.0,0,2014-09-26,398863
358,615.35,621.5,610.2,618.0,0,2014-09-29,253418
359,614.9,620.95,611.0,619.0,0,2014-09-30,233675
360,615.05,619.75,611.0,613.1,0,2014-10-01,505837
361,610.8,620.9,606.05,616.05,0,2014-10-07,91435
362,611.9,622.75,602.0,613.0,0,2014-10-08,1038136
363,612.85,620.0,607.6,613.85,0,2014-10-09,816543
364,615.5,619.0,605.0,610.0,0,2014-10-10,741217
365,611.05,616.95,602.05,602.05,0,2014-10-13,93192
366,609.6,617.9,606.8,612.0,0,2014-10-14,167512
367,618.7,620.8,607.45,607.45,0,2014-10-16,302382
368,616.2,624.8,613.6,620.0,0,2014-10-17,89907
369,583.4,614.0,581.6,614.0,0,2014-10-20,6792156
370,598.2,599.9,583.4,584.9,0,2014-10-21,953998
371,601.15,603.9,591.05,600.0,0,2014-10-22,687704
372,601.95,615.0,595.0,600.0,0,2014-10-23,999883
373,594.7,603.9,590.0,603.9,0,2014-10-27,1064749
374,612.1,613.9,596.1,598.0,0,2014-10-28,855081
375,619.8,628.0,610.55,611.0,0,2014-10-29,1180323
376,618.2,629.5,615.0,629.5,0,2014-10-30,391977
377,621.35,626.5,617.0,621.0,0,2014-10-31,471405
378,624.95,629.7,621.55,624.9,0,2014-11-03,1717441
379,625.2,627.35,620.3,627.3,0,2014-11-05,201752
380,623.35,627.5,618.15,626.9,0,2014-11-07,137884
381,617.7,626.0,615.1,626.0,0,2014-11-10,382679
382,614.9,621.4,611.75,621.0,0,2014-11-11,322285
383,616.3,624.7,605.25,617.85,0,2014-11-12,427291
384,600.2,618.9,598.0,618.0,0,2014-11-13,1108991
385,610.3,615.0,600.25,602.0,0,2014-11-14,222954
386,614.35,619.7,608.05,609.6,0,2014-11-17,225934
387,637.25,644.8,625.0,625.0,0,2014-11-18,2193690
388,639.85,644.75,635.1,635.1,0,2014-11-19,798810
389,650.5,658.0,639.95,639.95,0,2014-11-20,1022283
390,664.15,666.0,648.95,650.0,0,2014-11-21,809596
391,660.0,667.8,652.2,660.0,0,2014-11-24,510425
392,662.1,665.25,658.0,658.0,0,2014-11-25,400330
393,650.55,661.4,649.95,655.05,0,2014-11-26,290783
394,652.25,656.5,641.0,651.05,0,2014-11-27,347971
395,642.05,668.0,639.2,650.1,0,2014-11-28,758566
396,620.0,645.85,608.5,639.8,0,2014-12-01,324189
397,615.6,638.95,594.65,618.5,0,2014-12-02,1232277
398,628.85,649.6,616.75,624.0,0,2014-12-03,552190
399,630.95,648.7,626.0,632.75,0,2014-12-04,363954
400,629.75,645.95,623.35,634.85,0,2014-12-05,387017
401,645.7,657.7,636.0,643.85,0,2014-12-08,523465
402,659.7,664.0,646.05,650.0,0,2014-12-09,396784
403,659.65,667.55,652.85,659.7,0,2014-12-10,361789
404,671.4,683.9,665.0,665.0,0,2014-12-11,528882
405,686.0,690.0,665.15,675.95,0,2014-12-12,541134
406,698.9,704.0,681.5,682.0,0,2014-12-15,1669747
407,698.75,703.9,685.1,700.0,0,2014-12-16,373366
408,680.0,703.0,678.05,688.15,0,2014-12-17,1286226
409,679.9,686.6,674.0,680.0,0,2014-12-18,550276
410,694.25,696.0,676.35,684.9,0,2014-12-19,650980
411,695.6,701.0,686.5,687.0,0,2014-12-22,167500
412,698.4,700.0,687.5,690.25,0,2014-12-23,410079
413,696.35,700.35,689.5,697.0,0,2014-12-24,1320152
414,698.45,702.0,694.05,698.9,0,2014-12-26,680274
415,699.1,700.0,695.15,697.0,0,2014-12-29,449355
416,701.0,705.0,694.05,695.5,0,2014-12-30,402010
417,699.95,702.0,695.25,699.9,0,2014-12-31,387860
418,699.35,709.0,694.0,700.0,0,2015-01-01,437375
419,699.55,701.0,696.0,699.95,0,2015-01-02,375865
420,700.0,707.0,698.3,701.4,0,2015-01-05,486849
421,704.05,708.0,699.15,700.95,0,2015-01-06,1561472
422,696.3,709.0,686.25,706.0,0,2015-01-07,358961
423,698.45,705.0,690.05,696.4,0,2015-01-08,1024232
424,699.95,711.0,694.9,705.0,0,2015-01-09,3605899
425,710.6,713.4,698.95,705.15,0,2015-01-12,376039
426,674.35,684.95,669.5,675.0,0,2015-01-13,3513192
427,717.45,744.0,692.75,695.5,0,2015-01-14,6255032
428,726.95,738.0,706.0,706.0,0,2015-01-15,4196283
429,723.7,734.85,717.0,725.0,0,2015-01-16,1184510
430,735.9,739.0,716.05,724.8,0,2015-01-19,610864
431,749.8,752.7,740.0,740.0,0,2015-01-20,1257045
432,756.9,760.9,741.2,750.0,0,2015-01-21,554389
433,757.4,762.25,752.55,760.0,0,2015-01-22,271994
434,753.55,776.5,745.6,759.6,0,2015-01-23,1195407
435,759.2,768.3,739.6,748.8,0,2015-01-27,787426
436,759.0,763.0,747.6,755.0,0,2015-01-28,594218
437,741.95,758.3,740.0,751.8,0,2015-01-29,459594
438,754.1,762.0,744.0,744.0,0,2015-01-30,292405
439,780.7,789.3,753.35,756.0,0,2015-02-02,1817841
440,783.55,794.9,766.0,780.5,0,2015-02-03,585738
441,775.85,788.4,770.2,783.0,0,2015-02-04,440957
442,765.25,793.1,757.0,773.0,0,2015-02-05,880172
443,740.85,775.0,737.0,766.0,0,2015-02-06,424234
444,744.85,751.0,731.85,745.35,0,2015-02-09,577254
445,762.15,764.0,735.5,749.2,0,2015-02-10,409528
446,775.95,780.0,764.0,764.0,0,2015-02-11,708849
447,772.5,808.5,755.2,782.5,0,2015-02-12,8522595
448,797.4,800.0,769.05,769.9,0,2015-02-13,892300
449,795.1,807.0,783.0,799.1,0,2015-02-16,848649
450,797.35,805.45,782.3,793.0,0,2015-02-18,655785
451,797.4,805.0,781.9,798.0,0,2015-02-19,629929
452,797.55,800.0,775.0,783.0,0,2015-02-20,490133
453,777.0,803.6,752.55,790.35,0,2015-02-23,789834
454,791.65,803.0,757.3,757.3,0,2015-02-24,941917
455,790.4,795.0,774.15,790.0,0,2015-02-25,538695
456,787.2,800.05,780.1,788.1,0,2015-02-26,700080
457,786.55,801.6,782.25,790.25,0,2015-02-27,487084
458,812.9,827.0,783.3,795.0,0,2015-02-28,1081958
459,801.7,814.8,795.1,810.55,0,2015-03-02,714830
460,771.25,801.7,761.7,797.25,0,2015-03-03,432634
461,812.15,816.8,776.0,780.0,0,2015-03-04,1042108
462,835.35,838.9,801.1,801.1,0,2015-03-05,1340618
463,849.9,858.8,833.05,837.2,0,2015-03-09,999684
464,853.85,862.45,831.55,850.0,0,2015-03-10,1032233
465,829.45,857.0,824.2,852.5,0,2015-03-11,469687
466,815.2,837.65,805.55,826.2,0,2015-03-12,451114
467,821.25,830.05,812.25,814.95,0,2015-03-13,545349
468,827.1,839.45,818.15,838.0,0,2015-03-16,606859
469,834.25,847.0,827.0,827.0,0,2015-03-17,851189
470,828.45,841.8,821.55,840.0,0,2015-03-18,538964
471,835.1,839.8,822.3,827.8,0,2015-03-19,338992
472,838.7,847.0,810.0,840.0,0,2015-03-20,6692265
473,811.2,848.65,796.35,832.8,0,2015-03-23,592127
474,826.4,830.0,812.0,816.0,0,2015-03-24,423307
475,831.25,835.0,820.7,831.55,0,2015-03-25,332593
476,835.55,837.0,821.3,834.5,0,2015-03-26,308380
477,806.8,835.0,801.1,833.0,0,2015-03-27,640219
478,799.65,813.85,795.0,812.0,0,2015-03-30,579309
479,792.85,798.95,784.2,788.95,0,2015-03-31,3737190
480,798.3,807.75,792.25,797.15,0,2015-04-01,3681750
481,796.45,798.75,785.0,785.9,0,2015-04-06,2172276
482,798.2,802.0,793.95,795.8,0,2015-04-07,1013597
483,802.95,807.0,798.1,802.1,0,2015-04-08,715018
484,801.85,805.0,799.0,804.0,0,2015-04-09,456281
485,816.15,825.5,800.35,804.0,0,2015-04-10,1918256
486,791.7,822.0,789.0,822.0,0,2015-04-13,1590491
487,795.15,803.65,787.0,792.0,0,2015-04-15,976843
488,796.55,799.9,777.1,793.3,0,2015-04-16,1031592
489,816.4,823.7,798.25,798.25,0,2015-04-17,1672809
490,842.5,847.65,819.35,819.35,0,2015-04-20,1994366
491,846.4,851.6,836.25,842.8,0,2015-04-21,961777
492,827.65,849.0,804.0,846.0,0,2015-04-22,759109
493,830.65,836.15,820.05,827.9,0,2015-04-23,455628
494,824.25,844.8,822.05,831.0,0,2015-04-24,569471
495,827.9,836.0,821.05,824.0,0,2015-04-27,341633
496,837.25,843.9,826.0,826.0,0,2015-04-28,506576
497,827.2,848.0,805.7,835.2,0,2015-04-29,5286384
498,839.6,842.8,831.0,832.0,0,2015-04-30,384745
499,828.7,847.6,822.0,846.1,0,2015-05-04,366115
500,838.05,844.0,829.0,829.0,0,2015-05-05,394890
501,877.35,892.5,832.0,836.5,0,2015-05-06,3634345
502,902.9,928.5,880.0,880.0,0,2015-05-07,3687636
503,925.95,930.0,899.0,905.8,0,2015-05-08,1819540
504,989.15,997.5,929.2,929.2,0,2015-05-11,2040975
505,985.95,1012.3,970.15,994.0,0,2015-05-12,1357514
506,969.65,993.95,954.65,991.4,0,2015-05-13,982596
507,982.15,1000.0,965.25,974.0,0,2015-05-14,975234
508,993.95,999.0,977.15,990.0,0,2015-05-15,150916
509,1014.35,1020.0,981.0,998.5,0,2015-05-18,880342
510,999.8,1030.0,976.1,1016.0,0,2015-05-19,7610404
511,991.5,1013.3,987.0,1006.0,0,2015-05-20,849468
512,997.5,1009.0,993.3,993.3,0,2015-05-21,655253
513,998.7,1003.1,989.7,1003.0,0,2015-05-22,875743
514,969.8,1003.0,966.1,1000.0,0,2015-05-25,1230007
515,968.95,980.0,941.55,974.45,0,2015-05-26,1420970
516,986.45,991.0,968.2,973.4,0,2015-05-27,1351432
517,982.2,1022.0,976.5,1006.0,0,2015-05-28,5656687
518,969.95,982.0,968.45,982.0,0,2015-05-29,2078020
519,988.15,1000.95,966.2,984.5,0,2015-06-01,4039409
520,999.9,1013.0,984.9,999.0,0,2015-06-02,3441700
521,1002.85,1026.0,995.45,1008.2,0,2015-06-03,2687762
522,1000.05,1013.0,996.0,1004.9,0,2015-06-04,2144563
523,936.55,970.0,930.0,954.95,0,2015-06-05,60449782
524,939.7,948.7,936.1,940.0,0,2015-06-08,2976893
525,929.6,945.45,916.0,942.45,0,2015-06-09,2642185
526,942.65,945.75,931.0,931.0,0,2015-06-10,3125980
527,951.6,954.4,943.5,943.5,0,2015-06-11,3604001
528,958.95,977.95,937.85,957.4,0,2015-06-12,43473998
529,948.2,965.2,943.2,964.0,0,2015-06-15,1542111
530,971.15,972.7,948.2,953.85,0,2015-06-16,1885171
531,960.05,970.0,955.05,970.0,0,2015-06-17,1071258
532,943.85,959.15,938.3,959.15,0,2015-06-18,643539
533,963.4,966.0,946.1,946.1,0,2015-06-19,1612054
534,972.25,975.0,960.05,962.8,0,2015-06-22,1122303
535,966.4,974.5,955.0,969.0,0,2015-06-23,814043
536,964.2,974.0,945.2,971.0,0,2015-06-24,1235405
537,942.0,964.8,938.4,964.8,0,2015-06-25,861577
538,949.85,968.0,947.0,950.0,0,2015-06-26,1610114
539,966.55,971.95,924.5,950.0,0,2015-06-29,1616587
540,960.4,971.0,955.65,971.0,0,2015-06-30,862822
541,974.9,982.7,963.25,964.9,0,2015-07-01,1119572
542,969.55,979.8,963.9,973.8,0,2015-07-02,526157
543,972.55,978.45,968.0,975.0,0,2015-07-03,822269
544,964.75,976.6,959.0,975.0,0,2015-07-06,628845
545,969.75,975.05,965.45,968.6,0,2015-07-07,906299
546,992.75,1008.05,972.0,972.0,0,2015-07-08,10219499
547,996.8,1011.7,987.55,1002.0,0,2015-07-09,1347986
548,994.75,999.9,985.0,998.0,0,2015-07-10,716972
549,991.0,999.7,988.1,998.25,0,2015-07-13,335933
550,988.65,991.5,977.55,988.0,0,2015-07-14,438117
551,976.35,991.45,972.8,988.9,0,2015-07-15,390678
552,961.6,980.0,958.15,976.0,0,2015-07-16,403539
553,976.4,980.0,961.6,965.0,0,2015-07-17,349251
554,969.35,975.7,966.0,975.7,0,2015-07-20,335765
555,975.1,982.8,969.0,970.0,0,2015-07-21,451217
556,983.1,1003.1,958.0,966.1,0,2015-07-22,895840
557,984.9,1003.0,980.0,990.0,0,2015-07-23,570304
558,987.75,992.3,975.2,978.0,0,2015-07-24,368547
559,988.5,998.0,979.75,996.8,0,2015-07-27,614382
560,989.0,997.0,983.3,989.0,0,2015-07-28,351231
561,989.85,997.95,980.0,993.0,0,2015-07-29,332236
562,987.8,994.0,984.0,993.0,0,2015-07-30,369532
563,998.15,1002.0,981.0,988.0,0,2015-07-31,533340
564,999.9,1003.0,992.0,1000.0,0,2015-08-03,465355
565,996.35,1009.8,985.25,999.8,0,2015-08-04,372188
566,981.5,1001.0,975.5,1000.0,0,2015-08-05,341082
567,972.75,987.0,970.2,980.0,0,2015-08-06,355550
568,981.7,992.6,972.0,980.0,0,2015-08-07,1299987
569,985.95,1004.0,980.2,985.4,0,2015-08-10,1151390
570,999.8,1020.0,977.0,986.0,0,2015-08-11,1388247
571,992.15,1014.7,987.35,999.8,0,2015-08-12,740311
572,987.85,1007.0,975.75,993.0,0,2015-08-13,578382
573,1007.8,1012.15,988.0,992.0,0,2015-08-14,538017
574,998.25,1017.0,989.3,1014.0,0,2015-08-17,561770
575,994.1,1006.0,983.15,1005.0,0,2015-08-18,445170
576,893.1,1012.9,885.0,998.0,0,2015-08-19,4433306
577,912.65,921.85,856.65,895.0,0,2015-08-20,4046967
578,911.6,922.9,896.0,912.0,0,2015-08-21,2004591
579,910.55,915.8,898.5,913.6,0,2015-08-24,1337410
580,919.5,925.0,912.05,916.1,0,2015-08-25,1185756
581,947.3,955.45,915.55,920.0,0,2015-08-26,1642253
582,952.8,956.25,938.0,952.0,0,2015-08-27,734151
583,939.75,960.45,935.8,960.45,0,2015-08-28,584552
584,932.85,948.8,925.0,944.75,0,2015-08-31,925589
585,927.55,937.0,916.0,937.0,0,2015-09-01,551572
586,914.25,932.4,907.0,932.4,0,2015-09-02,402685
587,914.4,919.45,904.0,915.5,0,2015-09-03,355839
588,916.05,921.45,907.1,915.0,0,2015-09-04,901858
589,938.2,942.45,918.1,918.1,0,2015-09-07,786366
590,928.75,945.0,921.7,939.7,0,2015-09-08,784552
591,916.6,941.5,910.0,923.6,0,2015-09-09,493211
592,901.2,934.7,891.75,923.5,0,2015-09-10,760359
593,891.35,914.8,881.5,893.8,0,2015-09-11,807168
594,905.35,913.9,875.0,890.8,0,2015-09-14,821122
595,890.4,895.0,875.0,886.0,0,2015-09-15,1002851
596,894.15,909.0,878.0,895.15,0,2015-09-16,629219
597,899.85,914.0,892.05,903.05,0,2015-09-18,615494
598,885.1,912.0,877.0,902.9,0,2015-09-21,769392
599,884.45,901.45,876.55,891.35,0,2015-09-22,1014502
600,853.95,881.5,848.3,865.0,0,2015-09-23,1436479
601,825.3,861.9,803.0,836.2,0,2015-09-24,1424660
602,808.95,847.9,784.15,819.0,0,2015-09-28,1305970
603,751.7,775.7,700.0,761.0,0,2015-09-29,2111588
604,761.95,795.0,625.1,665.0,0,2015-09-30,2077233
605,731.55,772.85,661.6,701.0,0,2015-10-01,1588592
606,687.0,768.5,675.0,732.0,0,2015-10-05,1398543
607,596.25,696.95,588.15,695.05,0,2015-10-06,2202109
608,607.7,619.9,519.4,565.0,0,2015-10-07,2917031
609,633.5,680.75,606.0,627.0,0,2015-10-08,2004934
610,539.2,617.0,522.2,569.95,0,2015-10-09,1652165
611,546.25,589.95,535.0,551.4,0,2015-10-12,1108855
612,587.85,630.0,530.0,530.0,0,2015-10-13,1610709
613,618.15,665.0,595.35,603.5,0,2015-10-14,1629673
614,602.85,657.0,585.0,636.2,0,2015-10-15,1299441
615,622.0,634.5,575.0,598.9,0,2015-10-16,1301706
616,641.0,653.7,624.15,638.0,0,2015-10-19,1087567
617,635.1,659.0,628.0,641.9,0,2015-10-20,971706
618,650.15,665.0,627.3,648.0,0,2015-10-21,1279330
619,735.3,748.3,653.0,665.0,0,2015-10-23,1916865
620,742.8,795.0,721.0,741.9,0,2015-10-26,1443642
621,739.45,773.95,735.05,755.0,0,2015-10-27,683532
622,707.75,749.95,700.0,745.0,0,2015-10-28,760455
623,700.9,724.95,695.1,720.0,0,2015-10-29,1232607
624,685.25,698.0,681.1,690.0,0,2015-10-30,1363991
625,702.45,721.0,687.0,703.55,0,2015-11-02,1777651
626,700.0,712.15,697.0,703.0,0,2015-11-03,1360101
627,671.3,691.15,667.0,688.0,0,2015-11-04,677457
628,704.8,709.0,675.0,685.9,0,2015-11-05,954061
629,717.65,732.5,709.0,712.0,0,2015-11-06,1219244
630,679.15,706.85,676.0,701.0,0,2015-11-09,1016020
631,714.1,727.0,688.15,694.75,0,2015-11-10,3275857
632,719.85,728.0,706.55,724.0,0,2015-11-11,1002540
633,713.35,723.0,708.4,723.0,0,2015-11-13,635076
634,726.85,741.0,716.85,735.2,0,2015-11-16,1925414
635,687.65,726.0,675.5,710.0,0,2015-11-17,1418027
636,713.55,734.7,698.2,705.0,0,2015-11-18,4312790
637,731.15,749.0,706.0,716.95,0,2015-11-19,3664835
638,735.15,742.5,723.5,737.0,0,2015-11-20,1345672
639,760.05,768.85,738.5,742.0,0,2015-11-23,2349887
640,750.5,770.95,744.85,770.95,0,2015-11-24,1498957
641,744.6,755.6,735.1,747.0,0,2015-11-26,1116023
642,760.5,780.0,752.95,765.25,0,2015-11-27,1752465
643,746.75,770.5,741.1,756.8,0,2015-11-30,987397
644,751.95,754.45,742.2,754.45,0,2015-12-01,1032406
645,700.75,750.0,694.45,750.0,0,2015-12-02,1705994
646,702.95,720.0,698.0,709.0,0,2015-12-03,1496673
647,715.8,717.7,700.0,701.0,0,2015-12-04,1289104
648,730.4,742.95,716.05,717.8,0,2015-12-07,1400398
649,729.95,744.0,723.5,732.0,0,2015-12-08,1507478
650,754.45,756.0,731.4,735.0,0,2015-12-09,1110990
651,741.15,754.4,737.2,752.0,0,2015-12-10,682804
652,748.1,754.75,740.0,745.0,0,2015-12-11,1134155
653,768.65,783.0,745.4,747.95,0,2015-12-14,7090368
654,774.8,780.95,765.9,776.0,0,2015-12-15,1712849
655,779.5,791.0,774.3,783.8,0,2015-12-16,1388839
656,807.1,814.8,784.5,789.0,0,2015-12-17,2163349
657,794.8,820.5,788.8,809.75,0,2015-12-18,1404467
658,796.7,805.25,782.9,798.9,0,2015-12-21,1199794
659,779.3,808.0,776.0,802.0,0,2015-12-22,1371775
660,758.5,789.0,752.5,782.1,0,2015-12-23,1521254
661,741.7,760.0,739.7,759.0,0,2015-12-24,2283059
662,740.9,757.6,735.0,740.0,0,2015-12-28,1314358
663,750.45,760.9,728.75,730.0,0,2015-12-29,4396304
664,745.3,754.8,740.65,747.9,0,2015-12-30,3316726
665,764.1,770.7,742.4,751.0,0,2015-12-31,1883911
666,772.05,779.5,764.2,766.05,0,2016-01-01,1936475
667,771.6,786.4,767.6,769.4,0,2016-01-04,951550
668,775.85,780.85,767.2,779.0,0,2016-01-05,2912093
669,777.95,790.4,761.5,781.1,0,2016-01-06,1164278
670,796.65,805.3,777.0,777.0,0,2016-01-07,1506742
671,780.75,810.0,775.55,800.65,0,2016-01-08,1699063
672,786.25,792.95,775.1,778.0,0,2016-01-11,735191
673,784.35,802.0,782.0,791.1,0,2016-01-12,986163
674,786.8,789.85,774.3,780.0,0,2016-01-13,597371
675,806.45,811.0,789.0,789.0,0,2016-01-14,2052551
676,805.25,819.85,802.0,814.95,0,2016-01-15,1321001
677,814.05,819.35,802.15,802.15,0,2016-01-18,1075581
678,844.05,846.0,819.35,821.0,0,2016-01-19,2085481
679,863.5,875.0,851.4,853.0,0,2016-01-20,1836462
680,868.65,874.8,853.65,867.0,0,2016-01-21,1104403
681,850.75,871.9,846.1,870.0,0,2016-01-22,1688304
682,840.25,853.9,835.05,851.0,0,2016-01-25,1180400
683,860.2,871.9,850.0,850.0,0,2016-01-27,2062806
684,862.95,867.85,848.15,867.85,0,2016-01-28,668675
685,859.75,886.5,856.1,861.9,0,2016-01-29,1535948
686,855.85,870.5,852.35,863.0,0,2016-02-01,772942
687,865.2,869.5,851.25,856.05,0,2016-02-02,630572
688,875.2,881.85,862.55,868.15,0,2016-02-03,1228862
689,854.45,888.1,851.0,879.05,0,2016-02-04,1497335
690,888.35,895.95,844.0,864.0,0,2016-02-05,4650708
691,859.2,892.75,856.1,892.5,0,2016-02-08,1757469
692,877.8,880.0,859.2,861.8,0,2016-02-09,937554
693,867.4,877.0,863.0,873.9,0,2016-02-10,784968
694,867.45,882.2,856.2,874.9,0,2016-02-11,1342667
695,883.35,888.9,863.35,865.0,0,2016-02-12,1005543
696,881.1,890.0,874.55,874.55,0,2016-02-15,935033
697,913.55,916.0,881.65,887.85,0,2016-02-16,2422599
698,912.85,921.75,903.6,921.75,0,2016-02-17,1271276
699,875.1,911.0,872.6,911.0,0,2016-02-18,1291032
700,875.8,882.5,868.0,881.1,0,2016-02-19,707018
701,860.9,880.65,858.45,876.8,0,2016-02-22,1364745
702,875.4,878.0,859.45,868.7,0,2016-02-23,907558
703,868.6,883.85,862.15,879.9,0,2016-02-24,827168
704,865.75,882.0,861.8,880.0,0,2016-02-25,1090544
705,860.6,878.0,857.5,868.0,0,2016-02-26,971872
706,856.9,868.5,851.0,860.6,0,2016-02-29,1068002
707,861.5,868.0,855.1,860.9,0,2016-03-01,666359
708,839.3,866.9,828.7,866.9,0,2016-03-02,1897747
709,842.35,847.15,838.2,845.0,0,2016-03-03,1435985
710,860.45,864.75,844.6,845.95,0,2016-03-04,1170823
711,863.65,875.6,860.45,860.65,0,2016-03-08,1332731
712,852.85,864.75,849.0,861.0,0,2016-03-09,660138
713,861.25,889.8,859.0,881.05,0,2016-03-10,3651529
714,860.85,869.9,851.6,866.8,0,2016-03-11,951781
715,847.9,865.95,837.85,862.35,0,2016-03-14,1877997
716,839.2,855.0,833.65,855.0,0,2016-03-15,2151697
717,841.25,845.8,835.1,843.95,0,2016-03-16,945124
718,851.55,858.7,843.05,846.0,0,2016-03-17,1640203
719,827.75,864.0,818.55,855.5,0,2016-03-18,2086202
720,835.9,840.0,818.05,825.0,0,2016-03-21,1148611
721,850.3,865.0,841.3,843.0,0,2016-03-22,2006969
722,852.3,863.75,851.0,853.9,0,2016-03-23,888552
723,834.55,845.8,833.0,842.0,0,2016-03-28,1069706
724,838.45,842.0,826.0,835.5,0,2016-03-29,808907
725,845.0,850.85,830.2,840.95,0,2016-03-30,1438741
726,830.5,843.5,822.0,837.75,0,2016-03-31,1685144
727,845.2,848.0,833.1,833.9,0,2016-04-01,659109
728,864.4,866.9,843.75,846.0,0,2016-04-04,1559677
729,857.1,876.0,850.0,871.0,0,2016-04-05,1346301
730,864.7,871.0,853.05,861.3,0,2016-04-06,725017
731,867.65,873.5,861.3,865.0,0,2016-04-07,823952
732,856.15,866.4,852.55,858.4,0,2016-04-08,612366
733,848.1,861.8,845.05,856.95,0,2016-04-11,1245818
734,840.1,851.8,835.6,849.0,0,2016-04-12,875668
735,831.85,840.0,801.6,840.0,0,2016-04-13,1265561
736,833.0,841.5,827.15,833.35,0,2016-04-18,628823
737,804.4,832.15,782.35,830.6,0,2016-04-20,14778958
738,797.05,813.5,780.0,796.0,0,2016-04-21,2252162
739,813.0,816.25,800.0,803.0,0,2016-04-22,1108316
740,809.1,831.4,802.1,819.0,0,2016-04-25,1666688
741,811.45,814.55,802.4,809.4,0,2016-04-26,701139
742,818.9,824.95,807.65,817.0,0,2016-04-27,941061
743,824.95,835.0,815.0,822.0,0,2016-04-28,803756
744,830.05,836.0,822.25,826.0,0,2016-04-29,1211894
745,827.95,836.0,825.05,832.5,0,2016-05-02,637358
746,821.05,836.0,818.0,835.25,0,2016-05-03,1313341
747,805.9,827.3,803.5,826.15,0,2016-05-04,1188895
748,791.65,812.9,787.2,812.9,0,2016-05-05,1097167
749,786.55,795.0,781.0,790.0,0,2016-05-06,1142720
750,810.6,813.65,776.65,788.0,0,2016-05-09,2146423
751,804.75,821.8,801.75,810.6,0,2016-05-10,1920570
752,799.55,811.0,796.65,802.0,0,2016-05-11,683003
753,798.3,808.55,795.0,800.5,0,2016-05-12,661678
754,800.75,809.25,790.0,809.25,0,2016-05-13,1616359
755,785.35,804.0,780.8,801.0,0,2016-05-16,1763644
756,780.8,788.3,771.3,788.3,0,2016-05-17,1861965
757,770.7,789.75,767.0,783.15,0,2016-05-18,2252467
758,778.85,784.9,765.1,775.0,0,2016-05-19,2638356
759,774.45,791.8,771.1,791.0,0,2016-05-20,2566509
760,771.0,778.2,766.0,777.0,0,2016-05-23,1156191
761,761.5,773.0,755.25,764.45,0,2016-05-24,1126691
762,769.15,775.7,757.3,761.5,0,2016-05-25,1156854
763,766.05,778.5,762.2,771.0,0,2016-05-26,891886
764,788.9,797.8,769.15,773.55,0,2016-05-27,1542962
765,791.0,796.75,783.8,796.75,0,2016-05-30,923658
766,805.0,806.8,793.0,797.0,0,2016-05-31,1373458
767,801.25,808.9,795.0,805.45,0,2016-06-01,1722728
768,808.15,817.85,801.7,808.0,0,2016-06-02,1255422
769,829.4,832.9,811.35,816.2,0,2016-06-03,1490688
770,839.55,847.0,831.6,833.0,0,2016-06-06,1822930
771,837.75,844.4,825.1,840.0,0,2016-06-07,1003690
772,831.85,838.95,824.1,837.75,0,2016-06-08,824124
773,840.45,844.7,836.15,844.7,0,2016-06-09,187698
774,863.15,866.9,836.3,841.0,0,2016-06-10,2140176
775,857.95,868.7,846.8,863.75,0,2016-06-13,968393
776,846.75,862.8,838.0,854.8,0,2016-06-14,1466056
777,845.45,850.0,835.0,848.8,0,2016-06-15,971981
778,831.6,854.4,830.0,847.2,0,2016-06-16,1668966
779,838.95,840.0,831.95,831.95,0,2016-06-17,874577
780,849.05,864.65,844.0,846.05,0,2016-06-20,2407145
781,851.5,858.65,848.3,853.3,0,2016-06-21,1791878
782,846.05,857.6,841.0,855.0,0,2016-06-22,2310173
783,851.35,855.0,840.2,849.9,0,2016-06-23,1027637
784,875.55,879.25,850.3,853.0,0,2016-06-24,2097626
785,858.15,881.0,851.4,880.0,0,2016-06-27,3804064
786,863.0,871.0,856.45,865.1,0,2016-06-28,1654173
787,851.75,866.0,848.0,863.5,0,2016-06-29,2151322
788,853.8,859.5,848.2,854.8,0,2016-06-30,2473148
789,858.0,864.0,854.8,858.0,0,2016-07-01,1813714
790,856.05,862.9,855.0,861.0,0,2016-07-04,2302834
791,849.7,862.8,845.4,860.9,0,2016-07-05,1939950
792,850.2,858.3,848.05,855.0,0,2016-07-07,1186967
793,856.2,858.45,842.05,851.2,0,2016-07-08,2044843
794,857.5,861.5,850.5,861.2,0,2016-07-11,1618300
795,856.35,865.9,851.6,857.5,0,2016-07-12,1650113
796,857.15,864.0,852.8,859.0,0,2016-07-13,1469894
797,840.85,864.0,832.55,858.0,0,2016-07-14,2239781
798,853.95,855.6,825.2,840.85,0,2016-07-15,2263176
799,854.95,859.0,847.65,855.5,0,2016-07-18,1535665
800,873.9,879.7,851.25,857.9,0,2016-07-19,2659479
801,901.65,904.5,877.5,882.9,0,2016-07-20,4187861
802,899.3,908.95,890.3,906.95,0,2016-07-21,1834129
803,902.95,911.0,890.8,902.0,0,2016-07-22,1969826
804,904.25,907.3,894.25,902.0,0,2016-07-25,1123846
805,895.4,907.05,894.0,903.0,0,2016-07-26,798399
806,911.4,917.0,894.5,900.0,0,2016-07-27,1028233
807,905.55,919.9,899.0,906.45,0,2016-07-28,1209912
808,910.3,915.0,901.0,906.55,0,2016-07-29,1214878
809,914.15,916.5,904.25,916.2,0,2016-08-01,1109459
810,935.5,954.5,918.0,920.0,0,2016-08-02,4436263
811,936.25,952.5,926.85,940.0,0,2016-08-03,2146652
812,925.0,936.0,921.55,934.8,0,2016-08-04,1573331
813,926.55,949.0,922.5,927.5,0,2016-08-05,1996557
814,925.15,931.85,918.5,930.1,0,2016-08-08,719918
815,910.25,929.8,903.4,925.15,0,2016-08-09,733660
816,892.9,907.2,883.2,899.0,0,2016-08-10,936905
817,904.4,918.0,890.5,890.5,0,2016-08-11,1420092
818,896.75,910.9,895.0,905.1,0,2016-08-12,1147187
819,878.3,907.8,875.0,907.8,0,2016-08-16,1913821
820,862.55,885.7,838.0,885.5,0,2016-08-17,3421388
821,862.85,882.75,853.0,865.9,0,2016-08-18,2534590
822,881.75,885.0,859.1,865.3,0,2016-08-19,2745728
823,872.55,884.35,868.85,883.0,0,2016-08-22,1855486
824,864.45,883.05,858.05,876.55,0,2016-08-23,2286478
825,874.5,897.0,852.05,875.0,0,2016-08-24,3099408
826,865.35,890.0,857.95,888.0,0,2016-08-25,2781083
827,866.15,879.95,858.35,870.0,0,2016-08-26,1883217
828,863.9,870.7,859.0,866.15,0,2016-08-29,2094974
829,864.2,870.0,853.65,866.75,0,2016-08-30,1766235
830,859.1,871.7,857.0,865.0,0,2016-08-31,1899676
831,888.7,895.0,863.0,869.0,0,2016-09-01,4311868
832,911.35,915.25,894.0,898.0,0,2016-09-02,4993209
833,907.35,921.9,905.55,909.8,0,2016-09-06,2184819
834,896.85,913.5,893.45,908.0,0,2016-09-07,984794
835,877.25,901.15,875.0,898.0,0,2016-09-08,1715171
836,872.0,888.3,869.0,877.25,0,2016-09-09,1634864
837,877.15,883.15,870.0,870.0,0,2016-09-12,1496973
838,893.5,898.85,878.7,880.1,0,2016-09-14,2387930
839,881.5,899.15,874.25,898.4,0,2016-09-15,1120800
840,849.05,885.0,845.1,880.0,0,2016-09-16,1810985
841,869.7,874.4,849.0,853.0,0,2016-09-19,1480977
842,871.55,875.9,852.7,870.1,0,2016-09-20,683427
843,872.4,882.9,869.7,873.2,0,2016-09-21,1885254
844,866.9,878.95,858.05,860.0,0,2016-09-22,2636891
845,876.4,879.0,852.2,860.0,0,2016-09-23,2648545
846,879.15,886.0,870.5,876.75,0,2016-09-26,1583910
847,906.45,910.0,883.5,888.0,0,2016-09-27,2127137
848,915.9,924.8,892.4,899.7,0,2016-09-28,3140379
849,903.55,915.0,894.95,910.0,0,2016-09-29,1268992
850,923.85,930.65,901.7,903.6,0,2016-09-30,1396479
851,971.3,983.75,939.0,950.0,0,2016-10-03,11031435
852,940.75,974.0,936.0,973.7,0,2016-10-04,2362998
853,914.2,936.3,905.0,905.05,0,2016-10-05,28967831
854,920.0,926.75,902.0,921.0,0,2016-10-06,4581841
855,914.05,923.9,911.0,918.45,0,2016-10-07,1422174
856,888.95,923.9,885.2,923.9,0,2016-10-10,3809803
857,890.45,898.0,882.3,895.0,0,2016-10-13,2657918
858,906.7,909.95,882.3,887.95,0,2016-10-14,2849173
859,900.2,909.25,895.35,905.0,0,2016-10-17,1660688
860,898.9,910.85,895.0,904.8,0,2016-10-18,1642691
861,880.7,895.0,875.05,893.0,0,2016-10-19,1900721
862,864.1,884.3,861.0,875.1,0,2016-10-20,2711471
863,873.95,876.9,868.1,870.0,0,2016-10-21,1194885
864,872.15,881.0,868.0,876.0,0,2016-10-24,1276847
865,880.85,890.9,870.95,876.0,0,2016-10-25,1929013
866,883.45,890.05,876.5,881.6,0,2016-10-26,1193426
867,872.55,887.0,864.8,885.0,0,2016-10-27,1091002
868,897.55,903.0,865.95,872.8,0,2016-10-28,1351799
869,918.5,921.0,898.25,901.0,0,2016-10-30,2860132
870,908.5,921.4,905.0,921.4,0,2016-11-01,1342782
871,910.1,915.95,900.2,904.6,0,2016-11-02,1344813
872,872.45,905.4,868.5,900.65,0,2016-11-03,1485108
873,897.8,900.75,874.75,881.45,0,2016-11-04,1174856
874,908.7,912.0,890.0,895.0,0,2016-11-07,1464475
875,914.2,919.55,905.6,917.0,0,2016-11-08,1310422
876,906.25,909.9,888.5,897.2,0,2016-11-09,1580387
877,898.95,931.1,895.35,917.0,0,2016-11-10,3593124
878,914.4,920.65,895.05,900.0,0,2016-11-11,1988641
879,922.85,941.9,896.35,896.35,0,2016-11-15,3601606
880,942.5,946.9,916.0,919.15,0,2016-11-16,3751088
881,928.75,946.8,925.0,946.0,0,2016-11-17,1926977
882,930.4,934.0,914.15,934.0,0,2016-11-18,1904945
883,928.2,935.0,921.3,930.4,0,2016-11-21,830577
884,928.7,940.5,919.8,928.0,0,2016-11-22,1326833
885,958.6,980.0,916.05,921.95,0,2016-11-23,5424609
886,982.9,1005.0,942.55,998.0,0,2016-11-24,10515809
887,973.1,1019.8,965.0,989.95,0,2016-11-25,5475550
888,969.4,983.45,961.2,977.3,0,2016-11-28,1800692
889,1000.25,1044.7,974.4,1030.0,0,2016-11-29,11010394
890,1005.0,1017.5,995.0,1009.3,0,2016-11-30,2370879
891,1000.95,1015.0,990.5,998.0,0,2016-12-01,1297672
892,972.9,1000.9,970.0,995.55,0,2016-12-02,3513520
893,978.4,982.0,965.0,972.95,0,2016-12-05,1331063
894,963.65,988.8,961.2,978.4,0,2016-12-06,2181641
895,968.45,976.0,964.2,965.9,0,2016-12-07,1342840
896,978.05,979.9,963.0,968.45,0,2016-12-08,1101773
897,969.15,984.45,965.8,981.45,0,2016-12-09,1463348
898,969.25,975.7,965.25,968.1,0,2016-12-12,1245988
899,962.5,971.95,960.65,967.35,0,2016-12-13,1841255
900,965.3,972.6,963.15,967.0,0,2016-12-14,1235079
901,971.75,980.0,969.0,969.0,0,2016-12-15,1719675
902,982.1,986.0,965.55,976.5,0,2016-12-16,2428883
903,976.85,987.0,972.0,986.0,0,2016-12-19,1137566
904,975.65,982.8,970.65,977.0,0,2016-12-20,785669
905,966.3,982.0,960.1,978.4,0,2016-12-21,1420625
906,984.4,993.45,963.4,965.0,0,2016-12-22,2488600
907,986.85,990.85,981.5,986.5,0,2016-12-23,1724751
908,989.15,994.95,984.0,994.95,0,2016-12-26,996919
909,988.5,997.95,987.0,995.0,0,2016-12-27,693875
910,979.85,988.0,963.0,988.0,0,2016-12-28,3262160
911,998.6,1007.0,978.15,978.15,0,2016-12-29,3809219
912,997.55,1005.0,992.05,1005.0,0,2016-12-30,1041345
913,988.1,1002.5,984.0,998.9,0,2017-01-02,823207
914,986.15,992.75,971.35,988.1,0,2017-01-03,514960
915,995.85,1003.75,980.85,991.8,0,2017-01-04,1137725
916,991.8,1003.85,988.35,999.95,0,2017-01-05,833286
917,983.3,992.7,977.0,983.0,0,2017-01-06,869613
918,982.55,1000.7,956.75,1000.7,0,2017-01-09,1888723
919,981.55,990.4,968.35,973.0,0,2017-01-10,887943
920,1007.0,1011.0,980.05,982.0,0,2017-01-11,2289172
921,1000.55,1015.05,999.0,1010.5,0,2017-01-12,1802617
922,1002.15,1005.45,995.0,1000.1,0,2017-01-13,932721
923,1007.15,1017.55,991.4,997.0,0,2017-01-16,980203
924,1002.1,1019.7,998.0,1010.5,0,2017-01-17,1107325
925,999.4,1017.3,995.25,1000.1,0,2017-01-18,2486963
926,1008.15,1011.75,998.45,1002.4,0,2017-01-19,777901
927,1006.9,1017.4,1002.6,1009.0,0,2017-01-20,834379
928,1007.2,1010.9,996.05,1010.9,0,2017-01-23,581097
929,1009.85,1014.95,1005.8,1014.0,0,2017-01-24,431929
930,1023.15,1032.9,1006.1,1010.95,0,2017-01-25,1693798
931,1014.4,1027.0,1012.55,1023.5,0,2017-01-27,888200
932,1021.6,1026.0,1002.1,1010.75,0,2017-01-30,868890
933,1019.6,1028.0,1012.55,1014.1,0,2017-01-31,930387
934,1033.45,1036.0,1018.95,1019.7,0,2017-02-01,1297301
935,1052.65,1056.5,1036.05,1040.0,0,2017-02-02,2525938
936,1052.4,1060.85,1047.0,1050.0,0,2017-02-03,1596046
937,1052.95,1064.95,1049.35,1053.5,0,2017-02-06,796945
938,1050.25,1057.85,1047.1,1054.0,0,2017-02-07,699003
939,1037.85,1050.25,1027.3,1044.9,0,2017-02-08,643558
940,1014.75,1041.2,1012.8,1037.25,0,2017-02-09,695099
941,1029.95,1038.8,1017.0,1017.0,0,2017-02-10,567982
942,1050.45,1053.95,1023.55,1025.5,0,2017-02-13,1290998
943,1050.45,1053.95,1023.55,1025.5,0,2017-02-14,1290998
944,1076.65,1104.9,1040.1,1048.0,0,2017-02-15,2151393
945,1105.15,1113.75,1063.0,1098.0,0,2017-02-16,6096747
946,1133.4,1138.8,1093.0,1115.0,0,2017-02-17,4409570
947,1128.85,1148.0,1124.05,1133.0,0,2017-02-20,1555904
948,1098.6,1123.0,1092.0,1123.0,0,2017-02-21,1238229
949,1107.2,1128.5,1101.95,1111.05,0,2017-02-22,1582968
950,1131.7,1134.9,1094.8,1105.25,0,2017-02-23,1033719
951,1136.85,1144.65,1125.0,1130.0,0,2017-02-27,1840302
952,1134.75,1175.7,1125.0,1170.2,0,2017-02-28,6687775
953,1150.7,1154.25,1127.45,1140.0,0,2017-03-01,1654283
954,1136.45,1156.0,1128.85,1151.25,0,2017-03-02,1491795
955,1127.6,1146.0,1120.15,1142.75,0,2017-03-03,1911046
956,1135.4,1142.1,1113.1,1130.0,0,2017-03-06,1458158
957,1134.05,1150.95,1128.55,1136.3,0,2017-03-07,1054244
958,1138.6,1142.5,1131.05,1132.0,0,2017-03-08,712776
959,1139.1,1144.5,1128.35,1132.0,0,2017-03-09,479277
960,1134.8,1151.8,1123.55,1138.0,0,2017-03-10,1991904
961,1114.05,1146.4,1100.2,1135.0,0,2017-03-14,3428721
962,1125.3,1133.5,1100.5,1114.05,0,2017-03-15,2127671
963,1135.45,1140.95,1118.6,1127.0,0,2017-03-16,1251406
964,1160.4,1165.9,1130.65,1140.0,0,2017-03-17,1211218
965,1156.15,1171.65,1150.15,1168.0,0,2017-03-20,893931
966,1151.8,1164.5,1144.85,1151.2,0,2017-03-21,823814
967,1184.05,1192.65,1145.3,1154.8,0,2017-03-22,2469538
968,1180.7,1199.0,1176.55,1189.5,0,2017-03-23,1690833
969,1192.05,1194.5,1171.65,1180.7,0,2017-03-24,1719768
970,1220.5,1222.8,1183.9,1189.0,0,2017-03-27,1955177
971,1243.4,1250.0,1224.2,1229.8,0,2017-03-28,2468599
972,1244.15,1253.65,1226.0,1246.95,0,2017-03-29,1295336
973,1244.65,1248.0,1233.5,1245.0,0,2017-03-30,1166873
974,1238.75,1253.35,1228.25,1245.0,0,2017-03-31,1164891
975,1220.05,1246.95,1211.95,1246.05,0,2017-04-03,1909087
976,1173.2,1199.65,1168.0,1177.0,0,2017-04-05,10115407
977,1165.15,1179.05,1153.35,1179.05,0,2017-04-06,2374250
978,1170.9,1174.0,1158.05,1170.0,0,2017-04-07,1338821
979,1172.45,1176.0,1165.5,1170.9,0,2017-04-10,1875092
980,1184.9,1187.0,1168.0,1174.2,0,2017-04-11,3028407
981,1198.8,1204.8,1183.45,1203.0,0,2017-04-12,4143024
982,1177.5,1198.7,1174.0,1189.85,0,2017-04-13,2117784
983,1184.6,1195.95,1170.9,1189.0,0,2017-04-17,2117913
984,1191.6,1203.55,1177.75,1184.6,0,2017-04-18,1344130
985,1218.3,1224.0,1198.5,1224.0,0,2017-04-19,2659260
986,1222.05,1238.55,1207.6,1219.0,0,2017-04-20,1703375
987,1222.8,1233.0,1208.85,1229.95,0,2017-04-21,728019
988,1210.3,1229.15,1202.3,1222.5,0,2017-04-24,1588306
989,1205.95,1214.8,1196.8,1206.0,0,2017-04-25,1623118
990,1215.1,1219.0,1196.75,1209.15,0,2017-04-26,1234882
991,1209.05,1217.55,1199.4,1204.0,0,2017-04-27,830634
992,1230.85,1240.0,1206.05,1211.0,0,2017-04-28,1664614
993,1261.95,1267.5,1227.0,1231.0,0,2017-05-02,2282814
994,1212.05,1273.9,1205.4,1273.0,0,2017-05-03,2630744
995,1215.05,1234.2,1207.2,1227.0,0,2017-05-04,2674007
996,1196.45,1229.0,1191.95,1224.95,0,2017-05-05,1661548
997,1206.1,1218.5,1199.95,1199.95,0,2017-05-08,822914
998,1210.6,1215.0,1198.15,1209.0,0,2017-05-09,815338
999,1191.75,1218.65,1184.4,1210.6,0,2017-05-10,1281752
1000,1185.55,1198.9,1173.8,1192.95,0,2017-05-11,2080766
1001,1192.5,1220.0,1185.55,1220.0,0,2017-05-12,934860
1002,1193.45,1215.9,1186.55,1193.5,0,2017-05-15,1313098
1003,1168.75,1203.0,1155.9,1199.0,0,2017-05-16,2063277
1004,1158.3,1184.45,1138.05,1170.0,0,2017-05-17,1985866
1005,1167.2,1171.8,1141.7,1168.0,0,2017-05-18,1112991
1006,1129.7,1166.95,1126.3,1157.6,0,2017-05-19,1843700
1007,1172.05,1178.3,1134.0,1135.0,0,2017-05-22,1572647
1008,1186.0,1202.05,1175.3,1175.4,0,2017-05-23,1916766
1009,1167.1,1221.75,1158.1,1210.0,0,2017-05-24,3565017
1010,1145.55,1180.0,1142.1,1167.1,0,2017-05-25,1518940
1011,1163.35,1173.05,1138.55,1148.0,0,2017-05-26,972538
1012,1166.05,1172.25,1155.3,1163.35,0,2017-05-29,1159884
1013,1178.8,1198.4,1167.0,1170.0,0,2017-05-30,1941052
1014,1181.75,1189.95,1172.55,1189.95,0,2017-05-31,119047
1015,1200.65,1202.1,1177.35,1183.0,0,2017-06-01,1361707
1016,1207.25,1212.0,1192.4,1212.0,0,2017-06-02,1521269
1017,1183.75,1204.8,1181.05,1197.1,0,2017-06-05,842679
1018,1153.2,1192.1,1150.1,1178.0,0,2017-06-06,1271079
1019,1174.9,1177.0,1147.6,1154.0,0,2017-06-07,1281030
1020,1159.9,1179.5,1155.5,1177.2,0,2017-06-08,662558
1021,1153.0,1174.15,1150.65,1169.9,0,2017-06-09,694696
1022,1187.2,1196.95,1150.0,1150.0,0,2017-06-12,2862829
1023,1182.05,1205.0,1178.5,1190.0,0,2017-06-13,1527355
1024,1150.65,1189.65,1137.15,1182.05,0,2017-06-14,772737
1025,1153.5,1159.2,1131.55,1143.6,0,2017-06-15,820238
1026,1163.75,1181.35,1152.0,1159.25,0,2017-06-16,1136850
1027,1159.5,1174.0,1152.5,1157.75,0,2017-06-19,768462
1028,1130.35,1154.0,1105.25,1154.0,0,2017-06-20,2315515
1029,1136.25,1147.85,1103.75,1112.0,0,2017-06-21,1120859
1030,1160.55,1167.9,1134.15,1135.0,0,2017-06-22,2253521
1031,1164.85,1179.45,1155.5,1160.8,0,2017-06-23,1239348
1032,1188.05,1190.0,1157.05,1170.65,0,2017-06-27,1030248
1033,1165.95,1188.05,1163.7,1177.0,0,2017-06-28,1327943
1034,1148.5,1179.0,1145.0,1165.95,0,2017-06-29,936271
1035,1159.15,1162.45,1139.0,1157.0,0,2017-06-30,2090791
1036,1169.5,1173.0,1158.6,1165.0,0,2017-07-03,2315306
1037,1161.35,1184.95,1153.1,1180.0,0,2017-07-04,1136171
1038,1175.6,1177.8,1156.8,1161.0,0,2017-07-05,949040
1039,1186.65,1204.65,1178.0,1182.0,0,2017-07-06,2187282
1040,1188.55,1192.9,1178.15,1179.0,0,2017-07-07,1171502
1041,1174.65,1190.65,1162.3,1188.55,0,2017-07-10,857540
1042,1163.8,1186.95,1160.15,1178.5,0,2017-07-11,993629
1043,1142.55,1161.95,1137.0,1156.0,0,2017-07-12,982598
1044,1125.7,1142.55,1100.6,1139.5,0,2017-07-13,1341693
1045,1135.25,1141.45,1117.7,1135.6,0,2017-07-14,878721
1046,1124.3,1139.9,1118.95,1139.35,0,2017-07-17,846447
1047,1125.45,1134.0,1116.15,1134.0,0,2017-07-18,1026376
1048,1148.2,1153.65,1126.0,1130.8,0,2017-07-19,1930715
1049,1161.95,1165.05,1135.35,1148.0,0,2017-07-20,798015
1050,1177.6,1182.5,1161.6,1165.3,0,2017-07-21,776910
1051,1185.65,1192.2,1167.0,1177.6,0,2017-07-24,1400668
1052,1198.75,1202.7,1180.9,1183.9,0,2017-07-25,1334901
1053,1196.0,1204.95,1187.1,1199.0,0,2017-07-26,843128
1054,1209.4,1214.45,1196.0,1196.0,0,2017-07-27,925281
1055,1220.6,1227.0,1205.5,1206.3,0,2017-07-28,1409464
1056,1219.85,1225.0,1213.75,1215.0,0,2017-07-31,378090
1057,1205.6,1228.45,1202.15,1208.8,0,2017-08-01,1387627
1058,1217.4,1219.25,1206.0,1208.0,0,2017-08-02,1050768
1059,1229.1,1240.7,1213.3,1219.0,0,2017-08-03,1379165
1060,1233.4,1239.95,1224.1,1230.8,0,2017-08-04,985871
1061,1249.4,1255.4,1231.15,1240.0,0,2017-08-07,1371034
1062,1258.7,1261.0,1246.0,1255.0,0,2017-08-08,933511
1063,1263.6,1272.25,1254.5,1259.0,0,2017-08-09,895522
1064,1287.95,1293.25,1256.3,1256.3,0,2017-08-10,1427239
1065,1265.9,1293.0,1263.1,1287.95,0,2017-08-11,869578
1066,1248.1,1272.1,1240.6,1263.0,0,2017-08-14,625670
1067,1238.7,1255.65,1230.95,1248.0,0,2017-08-16,716954
1068,1240.65,1263.2,1201.0,1225.0,0,2017-08-17,2421446
1069,1225.0,1240.0,1205.15,1240.0,0,2017-08-18,1073781
1070,1228.0,1232.9,1210.25,1212.1,0,2017-08-21,1083251
1071,1211.65,1221.9,1201.85,1219.0,0,2017-08-22,1793456
1072,1205.55,1237.75,1201.0,1210.0,0,2017-08-23,635096
1073,1233.25,1238.4,1206.05,1210.0,0,2017-08-24,1771932
1074,1214.95,1250.0,1202.6,1250.0,0,2017-08-28,1593083
1075,1220.1,1227.55,1211.05,1216.7,0,2017-08-29,937000
1076,1185.2,1220.0,1175.6,1218.05,0,2017-08-30,1236574
1077,1172.1,1194.0,1165.15,1194.0,0,2017-08-31,856452
1078,1144.0,1171.7,1131.9,1161.8,0,2017-09-01,1519928
1079,1131.15,1149.0,1117.35,1145.0,0,2017-09-04,1511667
1080,1125.7,1140.8,1118.0,1132.0,0,2017-09-05,1741687
1081,1146.25,1150.0,1108.0,1125.0,0,2017-09-06,2030639
1082,1133.3,1144.85,1124.0,1144.85,0,2017-09-07,1942394
1083,1096.3,1127.0,1090.0,1125.0,0,2017-09-08,2448602
1084,1119.95,1123.65,1086.2,1096.0,0,2017-09-11,1245681
1085,1122.15,1131.5,1102.0,1128.0,0,2017-09-12,1294606
1086,1126.35,1132.85,1111.9,1128.0,0,2017-09-13,1182862
1087,1150.5,1160.9,1111.35,1124.8,0,2017-09-14,1734791
1088,1134.75,1150.5,1123.0,1145.0,0,2017-09-15,1020384
1089,1100.95,1126.5,1096.1,1106.0,0,2017-09-18,2115917
1090,1101.75,1114.95,1098.7,1108.0,0,2017-09-19,1743770
1091,1054.2,1091.5,1040.7,1078.0,0,2017-09-20,2088599
1092,1055.6,1077.7,1049.0,1060.0,0,2017-09-21,1415912
1093,1060.15,1062.8,1016.85,1049.0,0,2017-09-22,1566146
1094,1121.15,1125.0,1056.05,1060.0,0,2017-09-25,3762611
1095,1081.3,1126.75,1075.15,1120.1,0,2017-09-26,1105747
1096,1057.35,1077.4,1049.75,1071.5,0,2017-09-27,1586668
1097,1028.9,1048.8,1023.0,1026.6,0,2017-09-28,852067
1098,1031.95,1039.75,1003.5,1009.0,0,2017-09-29,1580056
1099,1025.2,1041.95,1020.8,1035.8,0,2017-10-03,1409037
1100,1050.05,1057.1,1036.05,1039.0,0,2017-10-04,1580932
1101,1058.5,1066.1,1041.65,1050.0,0,2017-10-05,698477
1102,1069.7,1072.6,1040.15,1047.0,0,2017-10-06,1278905
1103,1070.55,1079.35,1060.0,1069.05,0,2017-10-09,1068905
1104,1085.75,1097.8,1075.0,1075.9,0,2017-10-10,1616431
1105,1128.55,1140.0,1088.1,1096.0,0,2017-10-11,1867149
1106,1095.8,1139.0,1094.0,1139.0,0,2017-10-12,849763
1107,1097.65,1101.85,1070.0,1092.5,0,2017-10-13,998586
1108,1092.25,1117.7,1079.1,1110.45,0,2017-10-16,1054362
1109,1088.95,1097.5,1084.3,1088.0,0,2017-10-17,526345
1110,1092.6,1101.3,1085.6,1094.0,0,2017-10-18,598919
1111,1077.0,1103.8,1056.0,1092.9,0,2017-10-19,926829
1112,1101.25,1114.95,1086.4,1111.0,0,2017-10-23,2864668
1113,1121.8,1127.65,1103.5,1110.0,0,2017-10-24,1287813
1114,1121.45,1128.0,1114.45,1128.0,0,2017-10-25,749342
1115,1113.35,1120.8,1089.0,1119.0,0,2017-10-26,1519104
1116,1126.3,1129.9,1104.0,1113.35,0,2017-10-27,1802143
1117,1118.35,1130.2,1111.0,1123.05,0,2017-10-30,773451
1118,1107.1,1122.45,1101.5,1111.0,0,2017-10-31,1354847
1119,1108.85,1115.75,1100.0,1103.5,0,2017-11-01,966698
1120,1160.45,1165.0,1109.0,1109.0,0,2017-11-02,2390240
1121,1142.5,1160.0,1133.05,1160.0,0,2017-11-03,1318874
1122,1149.1,1153.0,1119.05,1141.0,0,2017-11-06,1506254
1123,1146.9,1157.9,1140.0,1150.0,0,2017-11-07,509293
1124,1173.4,1181.95,1133.6,1145.0,0,2017-11-08,2382085
1125,1124.7,1184.95,1112.0,1184.95,0,2017-11-09,971382
1126,1128.35,1135.7,1117.7,1127.5,0,2017-11-10,645638
1127,1144.55,1148.6,1125.2,1125.2,0,2017-11-13,731288
1128,1137.25,1140.0,1122.0,1133.5,0,2017-11-14,824665
1129,1091.25,1129.2,1087.45,1120.0,0,2017-11-15,1073577
1130,1094.85,1106.0,1083.6,1106.0,0,2017-11-16,922785
1131,1074.2,1098.9,1061.2,1093.0,0,2017-11-17,1202603
1132,1116.85,1125.0,1066.4,1068.5,0,2017-11-20,1643102
1133,1105.5,1132.6,1066.25,1114.5,0,2017-11-21,3259418
1134,1081.05,1093.4,1064.2,1088.95,0,2017-11-22,1925857
1135,1077.85,1096.95,1065.0,1081.05,0,2017-11-23,1169983
1136,1083.65,1115.0,1080.0,1082.0,0,2017-11-24,814132
1137,1059.15,1081.0,1052.2,1073.0,0,2017-11-27,1350057
1138,1064.45,1074.9,1033.2,1034.0,0,2017-11-28,1201027
1139,1081.05,1096.8,1062.0,1070.0,0,2017-11-29,1410429
1140,1087.15,1104.45,1079.0,1079.0,0,2017-11-30,1886732
1141,1060.6,1081.95,1048.0,1075.5,0,2017-12-01,1457225
1142,1044.95,1079.0,1038.55,1075.0,0,2017-12-04,1108831
1143,1044.65,1054.0,1034.15,1045.0,0,2017-12-05,590395
1144,1070.4,1075.35,1036.3,1042.0,0,2017-12-06,545334
1145,1073.9,1085.0,1061.0,1063.5,0,2017-12-07,775879
1146,1056.65,1073.9,1047.0,1073.9,0,2017-12-08,1069562
1147,1071.35,1083.5,1061.35,1081.0,0,2017-12-11,941175
1148,1076.5,1091.9,1062.0,1062.0,0,2017-12-12,620152
1149,1073.4,1083.6,1057.25,1072.75,0,2017-12-13,847697
1150,1096.0,1116.0,1078.0,1078.0,0,2017-12-14,3185769
1151,1105.35,1109.8,1073.4,1097.0,0,2017-12-15,1177148
1152,1121.1,1129.4,1102.85,1115.0,0,2017-12-18,687512
1153,1148.4,1150.0,1118.85,1125.4,0,2017-12-19,580398
1154,1174.15,1180.9,1139.6,1154.0,0,2017-12-20,2649820
1155,1152.75,1176.0,1144.05,1162.0,0,2017-12-21,683413
1156,1143.75,1148.0,1121.3,1140.2,0,2017-12-22,950691
1157,1141.15,1161.85,1138.95,1154.0,0,2017-12-26,917466
1158,1142.0,1149.6,1134.1,1135.6,0,2017-12-27,1199089
1159,1134.3,1138.0,1113.5,1135.05,0,2017-12-28,848821
1160,1136.05,1159.2,1129.2,1144.25,0,2017-12-29,1387431
1161,1163.7,1167.25,1130.55,1136.95,0,2018-01-01,1142045
1162,1154.9,1163.7,1152.25,1154.75,0,2018-01-02,611509
1163,1133.7,1161.8,1130.35,1137.05,0,2018-01-03,1014220
1164,1132.1,1145.0,1124.15,1125.0,0,2018-01-04,768306
1165,1125.75,1144.7,1122.8,1140.0,0,2018-01-05,947417
1166,1105.15,1137.65,1099.9,1131.35,0,2018-01-08,1385141
1167,1082.1,1114.35,1075.9,1105.15,0,2018-01-09,1535565
1168,1075.95,1092.8,1069.15,1078.15,0,2018-01-10,532685
1169,1096.35,1098.5,1077.35,1080.1,0,2018-01-11,659138
1170,1070.45,1096.0,1062.6,1095.5,0,2018-01-12,560136
1171,1073.85,1083.0,1061.45,1077.0,0,2018-01-15,895014
1172,1078.55,1092.9,1072.1,1072.1,0,2018-01-16,492066
1173,1084.55,1096.6,1077.05,1083.9,0,2018-01-17,793805
1174,1078.05,1090.0,1068.0,1085.0,0,2018-01-18,572706
1175,1067.65,1088.0,1051.55,1070.05,0,2018-01-19,1224658
1176,1081.6,1092.65,1057.55,1073.5,0,2018-01-22,1569542
1177,1099.85,1105.35,1075.0,1085.45,0,2018-01-23,696341
1178,1117.65,1122.0,1095.1,1105.0,0,2018-01-24,1436248
1179,1111.0,1131.35,1106.95,1118.0,0,2018-01-25,1020111
1180,1116.1,1125.0,1111.0,1114.2,0,2018-01-29,602752
1181,1124.6,1130.0,1111.15,1121.7,0,2018-01-30,792663
1182,1146.9,1149.4,1127.55,1135.8,0,2018-01-31,1135110
1183,1147.4,1155.1,1141.05,1145.95,0,2018-02-01,543156
1184,1139.75,1147.0,1134.1,1143.0,0,2018-02-02,331672
1185,1139.85,1150.8,1137.6,1145.45,0,2018-02-05,368619
1186,1138.95,1146.9,1130.05,1143.1,0,2018-02-06,728701
1187,1155.45,1158.1,1136.85,1144.65,0,2018-02-07,591171
1188,1177.15,1186.85,1157.3,1165.45,0,2018-02-08,1044459
1189,1169.95,1185.95,1155.5,1176.4,0,2018-02-09,1099874
1190,1186.05,1199.0,1163.5,1175.0,0,2018-02-12,1608377
1191,1168.55,1187.0,1163.0,1187.0,0,2018-02-14,1048591
1192,1164.95,1176.2,1158.4,1169.55,0,2018-02-15,753148
1193,1144.95,1172.0,1139.2,1172.0,0,2018-02-16,934158
1194,1138.2,1150.1,1135.0,1142.0,0,2018-02-19,687125
1195,1149.35,1177.5,1132.2,1140.0,0,2018-02-20,1554002
1196,1191.45,1195.0,1147.5,1155.0,0,2018-02-21,1043318
1197,1294.4,1304.7,1241.0,1262.7,0,2018-02-22,7628351
1198,1313.3,1317.25,1287.4,1300.0,0,2018-02-23,2973441
1199,1285.2,1312.8,1280.45,1310.0,0,2018-02-26,1673860
1200,1283.55,1287.55,1258.6,1283.0,0,2018-02-27,1409000
1201,1278.8,1286.95,1270.25,1284.1,0,2018-02-28,1015838
1202,1266.65,1287.85,1260.95,1285.2,0,2018-03-01,922856
1203,1269.9,1272.35,1251.25,1261.2,0,2018-03-05,1002771
1204,1273.2,1294.3,1269.05,1270.0,0,2018-03-06,1187710
1205,1261.5,1283.95,1259.05,1279.6,0,2018-03-07,943196
1206,1286.55,1289.85,1252.5,1255.5,0,2018-03-08,1572048
1207,1309.6,1321.0,1287.05,1289.0,0,2018-03-09,1710276
1208,1305.35,1321.0,1292.45,1305.0,0,2018-03-12,1209377
1209,1324.2,1333.0,1303.35,1306.0,0,2018-03-13,1498235
1210,1296.95,1334.7,1293.35,1320.0,0,2018-03-14,961803
1211,1276.0,1311.4,1271.15,1292.05,0,2018-03-15,966451
1212,1279.25,1292.65,1270.0,1276.0,0,2018-03-16,803737
1213,1287.5,1289.95,1272.25,1284.0,0,2018-03-19,684029
1214,1297.0,1316.0,1288.0,1288.0,0,2018-03-20,1286241
1215,1313.7,1327.5,1306.0,1306.0,0,2018-03-21,869870
1216,1298.2,1310.9,1256.0,1256.0,0,2018-03-22,737193
1217,1329.1,1333.65,1300.1,1300.1,0,2018-03-23,1086386
1218,1296.55,1313.0,1291.0,1291.1,0,2018-03-26,2045072
1219,1288.2,1311.0,1282.7,1303.05,0,2018-03-27,1141002
1220,1293.4,1296.0,1282.0,1294.65,0,2018-03-28,440939
1221,1311.35,1317.0,1285.05,1293.0,0,2018-04-02,1792194
1222,1331.55,1337.4,1301.2,1304.0,0,2018-04-03,839563
1223,1317.7,1340.35,1304.75,1338.0,0,2018-04-04,1205449
1224,1297.45,1326.95,1291.3,1322.05,0,2018-04-05,548609
1225,1306.0,1311.0,1295.05,1297.8,0,2018-04-06,1002755
1226,1324.4,1335.0,1311.0,1312.55,0,2018-04-09,1160040
1227,1303.3,1320.0,1300.0,1304.95,0,2018-04-10,800852
1228,1295.0,1317.0,1276.6,1309.85,0,2018-04-11,1441219
1229,1272.25,1302.95,1266.0,1289.0,0,2018-04-12,1717631
1230,1303.3,1308.0,1272.45,1278.5,0,2018-04-13,859607
1231,1309.3,1322.5,1306.65,1309.85,0,2018-04-16,671787
1232,1306.3,1318.75,1298.0,1309.3,0,2018-04-17,453755
1233,1285.5,1299.95,1269.0,1297.0,0,2018-04-18,932867
1234,1273.0,1289.95,1265.55,1274.0,0,2018-04-19,415333
1235,1259.8,1271.8,1251.85,1271.8,0,2018-04-20,1271968
1236,1242.3,1270.65,1237.3,1266.0,0,2018-04-23,821405
1237,1238.8,1250.85,1215.0,1227.5,0,2018-04-24,1102669
1238,1239.8,1251.0,1236.0,1245.0,0,2018-04-25,1382993
1239,1250.45,1258.0,1234.55,1243.0,0,2018-04-26,1344894
1240,1237.25,1256.65,1227.85,1255.6,0,2018-04-27,981699
1241,1260.65,1265.0,1250.05,1252.25,0,2018-04-30,420656
1242,1245.15,1279.95,1242.45,1267.0,0,2018-05-02,900769
1243,1243.2,1256.9,1238.35,1239.1,0,2018-05-03,570691
1244,1239.3,1243.95,1218.05,1230.0,0,2018-05-04,539842
1245,1206.35,1243.0,1200.15,1240.05,0,2018-05-07,712461
1246,1212.2,1220.45,1200.3,1206.0,0,2018-05-08,721135
1247,1187.9,1216.55,1185.05,1207.0,0,2018-05-09,689562
1248,1179.8,1217.05,1177.6,1201.0,0,2018-05-10,717290
1249,1189.8,1198.65,1167.6,1178.0,0,2018-05-11,1615547
1250,1219.05,1226.0,1193.15,1195.75,0,2018-05-14,1367703
1251,1227.1,1233.8,1213.35,1220.0,0,2018-05-15,947326
1252,1222.95,1230.0,1214.0,1220.0,0,2018-05-16,878595
1253,1246.35,1250.25,1227.0,1228.45,0,2018-05-17,1020728
1254,1257.6,1268.95,1238.8,1268.95,0,2018-05-18,157253
1255,1254.85,1278.6,1243.2,1261.6,0,2018-05-21,1260061
1256,1252.9,1264.0,1243.55,1255.5,0,2018-05-22,1512949
1257,1252.8,1265.35,1244.45,1259.2,0,2018-05-23,528795
1258,1265.95,1273.75,1255.3,1259.1,0,2018-05-24,539055
1259,1268.75,1286.4,1260.05,1265.95,0,2018-05-25,1038607
1260,1272.65,1279.4,1262.5,1275.1,0,2018-05-28,369486
1261,1276.05,1281.0,1263.0,1263.0,0,2018-05-29,431610
1262,1265.6,1281.85,1259.5,1280.0,0,2018-05-30,336277
1263,1278.65,1282.0,1265.4,1271.95,0,2018-05-31,474230
1264,1263.8,1290.0,1256.05,1290.0,0,2018-06-01,992095
1265,1238.35,1268.1,1225.95,1268.1,0,2018-06-04,497796
1266,1250.25,1273.2,1238.35,1251.0,0,2018-06-05,1136441
1267,1248.6,1259.9,1239.95,1251.0,0,2018-06-06,772676
1268,1259.3,1262.0,1238.5,1248.6,0,2018-06-07,775345
1269,1254.9,1265.55,1246.3,1260.0,0,2018-06-08,1280120
1270,1254.35,1261.15,1244.0,1255.5,0,2018-06-11,796479
1271,1242.75,1261.0,1237.65,1254.35,0,2018-06-12,1253218
1272,1226.6,1248.9,1205.5,1230.1,0,2018-06-13,1040107
1273,1229.05,1235.95,1219.65,1232.7,0,2018-06-14,750489
1274,1226.3,1235.0,1217.15,1234.95,0,2018-06-15,880563
1275,1240.65,1245.35,1220.25,1230.0,0,2018-06-18,1717980
1276,1235.25,1254.95,1229.1,1248.2,0,2018-06-19,1429364
1277,1253.5,1269.5,1227.0,1230.0,0,2018-06-20,1073327
1278,1258.4,1273.3,1247.95,1253.5,0,2018-06-21,1070183
1279,1282.9,1289.7,1252.75,1258.35,0,2018-06-22,1401332
1280,1290.75,1298.15,1276.2,1290.0,0,2018-06-25,949604
1281,1295.15,1299.95,1265.0,1292.0,0,2018-06-26,1614314
1282,1284.55,1298.1,1273.65,1298.1,0,2018-06-27,684421
1283,1285.1,1313.5,1281.55,1286.0,0,2018-06-28,1991151
1284,1262.05,1296.6,1259.0,1285.9,0,2018-06-29,636553
1285,1266.85,1268.75,1242.0,1242.0,0,2018-07-02,608199
1286,1269.65,1277.0,1257.05,1277.0,0,2018-07-03,679420
1287,1263.2,1273.0,1253.05,1268.95,0,2018-07-04,498780
1288,1277.8,1280.35,1259.25,1265.5,0,2018-07-05,598044
1289,1269.75,1286.0,1266.6,1285.0,0,2018-07-06,609946
1290,1273.5,1295.0,1268.65,1274.95,0,2018-07-09,1303760
1291,1254.15,1278.75,1250.6,1263.0,0,2018-07-10,722024
1292,1267.5,1270.9,1251.35,1254.2,0,2018-07-11,378502
1293,1231.25,1269.0,1229.05,1260.0,0,2018-07-12,1478618
1294,1234.35,1244.8,1221.6,1231.05,0,2018-07-13,1281437
1295,1244.75,1249.0,1229.15,1234.4,0,2018-07-16,1176517
1296,1224.6,1248.0,1216.75,1239.3,0,2018-07-17,877135
1297,1243.3,1249.35,1205.0,1222.95,0,2018-07-18,567165
1298,1241.05,1254.75,1235.1,1243.5,0,2018-07-19,471890
1299,1242.05,1249.9,1232.1,1241.0,0,2018-07-20,376439
1300,1258.6,1262.8,1229.05,1238.0,0,2018-07-23,678487
1301,1231.3,1263.8,1228.8,1262.0,0,2018-07-24,1052741
1302,1240.05,1247.65,1222.0,1230.0,0,2018-07-25,703923
1303,1268.4,1275.0,1226.4,1244.7,0,2018-07-26,1871263
1304,1259.05,1282.3,1253.05,1268.35,0,2018-07-27,1073081
1305,1267.65,1274.55,1255.05,1260.65,0,2018-07-30,878852
1306,1269.05,1287.35,1266.5,1270.95,0,2018-07-31,1675874
1307,1306.35,1313.9,1271.15,1275.4,0,2018-08-01,1432882
1308,1302.6,1313.65,1297.9,1306.35,0,2018-08-02,1000059
1309,1291.3,1309.15,1287.35,1309.15,0,2018-08-03,652049
1310,1315.7,1320.0,1291.3,1291.3,0,2018-08-06,1377949
1311,1312.95,1326.0,1306.0,1319.0,0,2018-08-07,1214977
1312,1300.9,1322.75,1295.0,1319.55,0,2018-08-08,600742
1313,1298.45,1310.4,1294.5,1304.7,0,2018-08-09,895667
1314,1310.65,1322.0,1302.15,1309.0,0,2018-08-10,1078873
1315,1323.1,1330.0,1303.6,1313.0,0,2018-08-13,1189082
1316,1296.1,1325.95,1292.35,1324.05,0,2018-08-14,966855
1317,1295.4,1318.15,1280.0,1285.0,0,2018-08-16,1367408
1318,1273.25,1301.0,1270.2,1296.0,0,2018-08-17,657428
1319,1257.45,1278.8,1250.05,1273.2,0,2018-08-20,599832
1320,1250.25,1291.5,1230.0,1263.7,0,2018-08-21,1164597
1321,1233.45,1244.45,1215.6,1222.0,0,2018-08-23,1694822
1322,1219.55,1243.7,1212.55,1243.7,0,2018-08-24,1760628
1323,1109.4,1228.75,1068.85,1219.55,0,2018-08-27,8470232
1324,1107.5,1155.0,1088.75,1090.2,0,2018-08-28,8566734
1325,1138.05,1145.65,1115.0,1115.0,0,2018-08-29,4061171
1326,1138.4,1146.85,1115.0,1127.2,0,2018-08-30,2909587
1327,1131.75,1147.85,1124.45,1143.0,0,2018-08-31,1741642
1328,1164.5,1172.0,1135.15,1140.0,0,2018-09-03,3265863
1329,1180.45,1185.0,1162.75,1170.6,0,2018-09-04,2186484
1330,1184.5,1187.5,1167.05,1179.85,0,2018-09-05,1655228
1331,1179.1,1187.95,1173.05,1180.2,0,2018-09-06,812659
1332,1161.7,1181.45,1155.1,1178.0,0,2018-09-07,990530
1333,1180.35,1183.85,1150.0,1160.9,0,2018-09-10,1243115
1334,1174.1,1186.3,1169.55,1186.3,0,2018-09-11,356750
1335,1149.7,1175.6,1137.25,1175.6,0,2018-09-12,909951
1336,1158.4,1170.65,1141.15,1144.0,0,2018-09-14,488052
1337,1150.35,1168.0,1144.2,1164.2,0,2018-09-17,610755
1338,1131.15,1148.95,1125.15,1148.9,0,2018-09-18,944068
1339,1135.4,1141.9,1123.85,1136.85,0,2018-09-19,768179
1340,1122.05,1142.35,1119.2,1136.1,0,2018-09-21,973799
1341,1129.15,1135.0,1110.45,1122.05,0,2018-09-24,987563
1342,1121.0,1134.9,1109.05,1131.4,0,2018-09-25,1219508
1343,1118.15,1126.65,1108.8,1126.65,0,2018-09-26,675500
1344,1100.15,1123.0,1098.1,1121.7,0,2018-09-27,491880
1345,1129.25,1132.7,1100.15,1100.15,0,2018-09-28,922485
1346,1128.7,1145.95,1125.0,1132.0,0,2018-10-01,920574
1347,1129.2,1141.3,1110.7,1130.0,0,2018-10-03,959097
1348,1096.7,1134.7,1092.0,1129.2,0,2018-10-04,1239659
1349,1095.9,1100.55,1083.95,1093.0,0,2018-10-05,893708
1350,1072.5,1101.4,1066.15,1092.0,0,2018-10-08,875379
1351,1077.1,1092.55,1071.0,1074.8,0,2018-10-09,1089923
1352,1067.05,1081.4,1062.0,1080.0,0,2018-10-10,1566147
1353,1062.65,1088.55,1054.6,1071.95,0,2018-10-11,1023855
1354,1071.6,1091.1,1066.15,1068.0,0,2018-10-12,1569036
1355,1074.1,1089.95,1054.0,1071.6,0,2018-10-15,842875
1356,1097.7,1099.7,1075.05,1075.05,0,2018-10-16,842669
1357,1113.1,1127.65,1103.05,1119.5,0,2018-10-17,1399723
1358,1118.65,1125.55,1105.0,1113.8,0,2018-10-19,463672
1359,1112.2,1121.85,1088.5,1110.0,0,2018-10-22,1019781
1360,1099.3,1116.6,1095.1,1109.7,0,2018-10-23,1078978
1361,1091.3,1106.5,1088.05,1104.8,0,2018-10-24,609715
1362,1098.7,1106.0,1083.25,1094.0,0,2018-10-25,890212
1363,1101.1,1112.95,1097.25,1100.2,0,2018-10-26,959958
1364,1103.8,1126.8,1091.8,1100.0,0,2018-10-29,1689388
1365,1105.55,1118.9,1100.45,1109.55,0,2018-10-30,713828
1366,1116.25,1120.0,1105.0,1108.9,0,2018-10-31,959185
1367,1106.25,1119.45,1104.05,1119.4,0,2018-11-01,985731
1368,1112.65,1131.85,1108.4,1110.9,0,2018-11-02,913188
1369,1126.85,1130.0,1112.1,1118.5,0,2018-11-05,784276
1370,1130.25,1139.0,1123.5,1126.85,0,2018-11-06,1508398
1371,1145.35,1150.75,1119.0,1120.0,0,2018-11-07,1053536
1372,1145.55,1153.3,1140.1,1145.35,0,2018-11-09,521013
1373,1123.4,1145.25,1120.5,1140.0,0,2018-11-12,1033060
